age,sex,income,married,children,car,save_act,current_act,mortgage,INNER_CITY,RURAL,SUBURBAN,TOWN,Cluster
0.388887,-1,-0.774168,-1.393261,-0.011049,-0.986754,-1.491914,-1.771421,-0.731113,1.109272,-0.436436,-0.339473,-0.636516,cluster2
-0.16617,1,0.198706,0.717741,1.883121,1.013423,-1.491914,0.564519,1.367777,-0.901493,-0.436436,-0.339473,1.571053,cluster3
0.597034,-1,-0.849474,0.717741,-0.958135,1.013423,0.67028,0.564519,-0.731113,1.109272,-0.436436,-0.339473,-0.636516,cluster2
-1.345667,-1,-0.554643,0.717741,1.883121,-0.986754,-1.491914,0.564519,-0.731113,-0.901493,-0.436436,-0.339473,1.571053,cluster3
1.013327,-1,1.788562,0.717741,-0.958135,-0.986754,0.67028,-1.771421,-0.731113,-0.901493,2.291288,-0.339473,-0.636516,cluster1
1.013327,-1,0.802684,0.717741,0.936036,-0.986754,0.67028,0.564519,-0.731113,-0.901493,-0.436436,-0.339473,1.571053,cluster3
-1.41505,1,-1.446767,-1.393261,-0.958135,-0.986754,-1.491914,0.564519,-0.731113,-0.901493,2.291288,-0.339473,-0.636516,cluster0
1.082709,1,-0.199976,0.717741,-0.958135,1.013423,0.67028,0.564519,-0.731113,-0.901493,-0.436436,-0.339473,1.571053,cluster3
-0.374317,-1,-0.172223,0.717741,0.936036,1.013423,-1.491914,-1.771421,-0.731113,-0.901493,-0.436436,2.945746,-0.636516,cluster1
0.80518,1,-0.256964,0.717741,0.936036,1.013423,0.67028,0.564519,-0.731113,-0.901493,-0.436436,-0.339473,1.571053,cluster3
1.637766,-1,2.504507,0.717741,-0.958135,-0.986754,0.67028,0.564519,-0.731113,-0.901493,-0.436436,-0.339473,1.571053,cluster3
0.666416,-1,-0.067131,-1.393261,-0.958135,1.013423,0.67028,0.564519,1.367777,1.109272,-0.436436,-0.339473,-0.636516,cluster4
0.111358,-1,-0.914617,0.717741,-0.011049,-0.986754,0.67028,0.564519,1.367777,-0.901493,-0.436436,-0.339473,1.571053,cluster3
1.637766,-1,2.147667,0.717741,-0.011049,1.013423,0.67028,0.564519,1.367777,-0.901493,-0.436436,-0.339473,1.571053,cluster3
-0.443699,1,-0.624533,0.717741,-0.958135,-0.986754,0.67028,0.564519,1.367777,-0.901493,2.291288,-0.339473,-0.636516,cluster1
-0.304935,-1,-0.402052,0.717741,-0.958135,1.013423,0.67028,0.564519,1.367777,1.109272,-0.436436,-0.339473,-0.636516,cluster4
-0.374317,-1,-0.759908,0.717741,0.936036,-0.986754,-1.491914,-1.771421,1.367777,-0.901493,-0.436436,-0.339473,1.571053,cluster3
0.250123,-1,1.046805,0.717741,-0.958135,-0.986754,0.67028,-1.771421,1.367777,-0.901493,-0.436436,2.945746,-0.636516,cluster1
1.360238,-1,-0.047703,0.717741,-0.958135,-0.986754,0.67028,-1.771421,-0.731113,1.109272,-0.436436,-0.339473,-0.636516,cluster2
-0.79061,1,-0.388032,0.717741,-0.958135,1.013423,0.67028,0.564519,-0.731113,-0.901493,-0.436436,-0.339473,1.571053,cluster3
1.290856,1,2.355291,0.717741,0.936036,-0.986754,0.67028,-1.771421,-0.731113,1.109272,-0.436436,-0.339473,-0.636516,cluster2
0.527652,1,-0.855534,0.717741,0.936036,-0.986754,0.67028,0.564519,-0.731113,-0.901493,-0.436436,-0.339473,1.571053,cluster3
0.80518,1,0.847452,0.717741,-0.958135,-0.986754,0.67028,0.564519,-0.731113,1.109272,-0.436436,-0.339473,-0.636516,cluster2
-1.068139,-1,-0.929901,-1.393261,-0.958135,1.013423,0.67028,0.564519,1.367777,-0.901493,-0.436436,-0.339473,1.571053,cluster3
-1.41505,1,-1.154788,-1.393261,0.936036,1.013423,0.67028,0.564519,-0.731113,1.109272,-0.436436,-0.339473,-0.636516,cluster4
0.943945,1,1.048201,0.717741,-0.958135,1.013423,0.67028,0.564519,1.367777,1.109272,-0.436436,-0.339473,-0.636516,cluster4
0.180741,1,-0.520947,0.717741,-0.958135,-0.986754,0.67028,0.564519,1.367777,1.109272,-0.436436,-0.339473,-0.636516,cluster4
-0.235553,-1,-0.574924,0.717741,-0.011049,-0.986754,-1.491914,0.564519,-0.731113,-0.901493,-0.436436,-0.339473,1.571053,cluster3
-0.235553,-1,0.142378,-1.393261,1.883121,1.013423,-1.491914,0.564519,1.367777,1.109272,-0.436436,-0.339473,-0.636516,cluster4
1.290856,1,-0.252464,0.717741,-0.011049,-0.986754,-1.491914,0.564519,-0.731113,-0.901493,2.291288,-0.339473,-0.636516,cluster1
1.290856,-1,-0.355437,0.717741,0.936036,-0.986754,0.67028,0.564519,-0.731113,-0.901493,2.291288,-0.339473,-0.636516,cluster1
-1.553814,-1,-0.86884,0.717741,0.936036,-0.986754,0.67028,-1.771421,-0.731113,-0.901493,-0.436436,-0.339473,1.571053,cluster3
0.180741,1,-0.316621,0.717741,-0.011049,1.013423,0.67028,0.564519,-0.731113,-0.901493,-0.436436,2.945746,-0.636516,cluster1
-0.651846,-1,0.185998,-1.393261,1.883121,1.013423,0.67028,-1.771421,-0.731113,1.109272,-0.436436,-0.339473,-0.636516,cluster2
0.041976,1,0.775707,-1.393261,-0.958135,-0.986754,0.67028,0.564519,-0.731113,-0.901493,-0.436436,2.945746,-0.636516,cluster0
-1.068139,-1,-0.59401,0.717741,0.936036,-0.986754,0.67028,0.564519,-0.731113,1.109272,-0.436436,-0.339473,-0.636516,cluster2
-1.623196,1,-1.285701,0.717741,1.883121,1.013423,0.67028,0.564519,-0.731113,-0.901493,2.291288,-0.339473,-0.636516,cluster1
-0.443699,-1,-1.097319,-1.393261,-0.958135,1.013423,-1.491914,0.564519,-0.731113,-0.901493,2.291288,-0.339473,-0.636516,cluster0
0.041976,-1,-0.699816,0.717741,-0.958135,1.013423,0.67028,0.564519,-0.731113,-0.901493,-0.436436,-0.339473,1.571053,cluster3
1.637766,-1,-0.165457,-1.393261,0.936036,-0.986754,-1.491914,0.564519,-0.731113,-0.901493,-0.436436,2.945746,-0.636516,cluster0
0.874562,1,-0.058177,0.717741,-0.958135,-0.986754,-1.491914,0.564519,1.367777,-0.901493,-0.436436,-0.339473,1.571053,cluster3
0.319505,-1,-0.044336,0.717741,-0.958135,1.013423,-1.491914,0.564519,-0.731113,1.109272,-0.436436,-0.339473,-0.636516,cluster2
1.707149,1,2.187376,-1.393261,0.936036,1.013423,0.67028,-1.771421,-0.731113,-0.901493,-0.436436,-0.339473,1.571053,cluster3
-0.721228,-1,0.003683,0.717741,-0.958135,1.013423,-1.491914,0.564519,1.367777,-0.901493,-0.436436,-0.339473,1.571053,cluster3
-1.553814,1,-1.069465,-1.393261,0.936036,1.013423,0.67028,0.564519,1.367777,1.109272,-0.436436,-0.339473,-0.636516,cluster4
1.499002,1,1.951053,0.717741,0.936036,-0.986754,0.67028,0.564519,1.367777,1.109272,-0.436436,-0.339473,-0.636516,cluster4
0.527652,-1,-1.104853,-1.393261,-0.011049,1.013423,0.67028,0.564519,-0.731113,1.109272,-0.436436,-0.339473,-0.636516,cluster2
-0.929374,1,-1.118609,-1.393261,0.936036,-0.986754,0.67028,0.564519,1.367777,1.109272,-0.436436,-0.339473,-0.636516,cluster4
0.666416,1,0.932891,-1.393261,0.936036,1.013423,-1.491914,0.564519,-0.731113,1.109272,-0.436436,-0.339473,-0.636516,cluster4
0.319505,-1,-0.749239,0.717741,0.936036,1.013423,0.67028,-1.771421,-0.731113,-0.901493,2.291288,-0.339473,-0.636516,cluster1
-1.276285,1,-1.025264,-1.393261,0.936036,1.013423,0.67028,-1.771421,-0.731113,-0.901493,-0.436436,-0.339473,1.571053,cluster3
-0.443699,1,-0.281582,0.717741,-0.958135,-0.986754,-1.491914,-1.771421,-0.731113,-0.901493,-0.436436,-0.339473,1.571053,cluster3
0.041976,1,-0.873969,0.717741,-0.011049,-0.986754,0.67028,0.564519,-0.731113,-0.901493,-0.436436,-0.339473,1.571053,cluster3
0.388887,1,0.176128,-1.393261,-0.011049,-0.986754,0.67028,0.564519,-0.731113,-0.901493,-0.436436,2.945746,-0.636516,cluster0
1.42962,1,2.27474,0.717741,-0.958135,-0.986754,0.67028,0.564519,1.367777,-0.901493,-0.436436,-0.339473,1.571053,cluster3
0.666416,-1,1.575934,-1.393261,1.883121,-0.986754,0.67028,-1.771421,-0.731113,-0.901493,2.291288,-0.339473,-0.636516,cluster0
1.082709,-1,-0.197578,-1.393261,-0.958135,-0.986754,-1.491914,0.564519,-0.731113,1.109272,-0.436436,-0.339473,-0.636516,cluster2
-0.998757,1,-0.341317,0.717741,-0.958135,-0.986754,0.67028,0.564519,-0.731113,1.109272,-0.436436,-0.339473,-0.636516,cluster2
-0.929374,-1,-0.960548,0.717741,-0.958135,-0.986754,-1.491914,0.564519,-0.731113,1.109272,-0.436436,-0.339473,-0.636516,cluster2
-0.582463,1,-0.169895,-1.393261,-0.011049,1.013423,0.67028,0.564519,1.367777,1.109272,-0.436436,-0.339473,-0.636516,cluster4
-0.027406,-1,-0.214198,0.717741,-0.011049,-0.986754,0.67028,0.564519,1.367777,1.109272,-0.436436,-0.339473,-0.636516,cluster4
1.568384,-1,0.703326,-1.393261,-0.011049,1.013423,-1.491914,0.564519,-0.731113,1.109272,-0.436436,-0.339473,-0.636516,cluster2
0.319505,1,-0.038905,0.717741,0.936036,-0.986754,0.67028,0.564519,-0.731113,1.109272,-0.436436,-0.339473,-0.636516,cluster2
-1.553814,1,-1.227712,0.717741,-0.958135,-0.986754,0.67028,-1.771421,-0.731113,1.109272,-0.436436,-0.339473,-0.636516,cluster2
-1.484432,1,-1.746475,-1.393261,-0.958135,1.013423,0.67028,0.564519,1.367777,-0.901493,-0.436436,-0.339473,1.571053,cluster3
-0.027406,1,-0.786264,0.717741,-0.958135,-0.986754,0.67028,0.564519,-0.731113,1.109272,-0.436436,-0.339473,-0.636516,cluster2
-1.623196,1,-1.292839,-1.393261,0.936036,-0.986754,0.67028,0.564519,-0.731113,-0.901493,-0.436436,-0.339473,1.571053,cluster3
-0.096788,-1,0.57173,-1.393261,-0.958135,-0.986754,0.67028,0.564519,1.367777,-0.901493,-0.436436,-0.339473,1.571053,cluster3
-0.859992,1,-0.630081,-1.393261,0.936036,-0.986754,0.67028,0.564519,-0.731113,-0.901493,-0.436436,-0.339473,1.571053,cluster3
-0.79061,-1,-1.325356,0.717741,0.936036,-0.986754,-1.491914,0.564519,-0.731113,-0.901493,2.291288,-0.339473,-0.636516,cluster1
-1.206903,1,-1.044257,0.717741,1.883121,1.013423,0.67028,0.564519,-0.731113,1.109272,-0.436436,-0.339473,-0.636516,cluster4
-1.484432,1,-1.509949,-1.393261,-0.958135,-0.986754,-1.491914,0.564519,-0.731113,1.109272,-0.436436,-0.339473,-0.636516,cluster2
-0.443699,1,0.345882,0.717741,1.883121,1.013423,0.67028,0.564519,1.367777,1.109272,-0.436436,-0.339473,-0.636516,cluster4
1.082709,-1,-0.335684,0.717741,0.936036,-0.986754,0.67028,-1.771421,1.367777,1.109272,-0.436436,-0.339473,-0.636516,cluster4
1.499002,-1,1.951317,-1.393261,0.936036,1.013423,0.67028,0.564519,-0.731113,1.109272,-0.436436,-0.339473,-0.636516,cluster2
1.152091,-1,0.627407,-1.393261,0.936036,1.013423,-1.491914,-1.771421,-0.731113,-0.901493,2.291288,-0.339473,-0.636516,cluster0
0.180741,-1,-0.044693,-1.393261,-0.958135,-0.986754,0.67028,0.564519,1.367777,-0.901493,-0.436436,-0.339473,1.571053,cluster3
1.290856,1,1.701696,0.717741,-0.011049,1.013423,0.67028,0.564519,1.367777,1.109272,-0.436436,-0.339473,-0.636516,cluster4
-0.859992,-1,-0.993081,0.717741,-0.958135,1.013423,-1.491914,0.564519,-0.731113,1.109272,-0.436436,-0.339473,-0.636516,cluster2
1.082709,-1,0.543178,0.717741,0.936036,1.013423,0.67028,-1.771421,-0.731113,-0.901493,-0.436436,-0.339473,1.571053,cluster3
0.527652,-1,-0.424552,-1.393261,1.883121,-0.986754,0.67028,0.564519,-0.731113,-0.901493,-0.436436,-0.339473,1.571053,cluster3
-0.859992,1,0.02204,-1.393261,1.883121,-0.986754,-1.491914,0.564519,-0.731113,1.109272,-0.436436,-0.339473,-0.636516,cluster2
-0.929374,-1,-1.158582,0.717741,-0.011049,-0.986754,0.67028,0.564519,-0.731113,1.109272,-0.436436,-0.339473,-0.636516,cluster2
-0.513081,1,-0.863518,0.717741,-0.011049,-0.986754,0.67028,0.564519,-0.731113,1.109272,-0.436436,-0.339473,-0.636516,cluster2
1.360238,1,-0.271395,0.717741,-0.958135,-0.986754,-1.491914,0.564519,1.367777,1.109272,-0.436436,-0.339473,-0.636516,cluster4
-0.443699,1,0.322691,0.717741,-0.011049,1.013423,0.67028,0.564519,-0.731113,1.109272,-0.436436,-0.339473,-0.636516,cluster4
-1.206903,-1,-0.930972,0.717741,-0.958135,-0.986754,0.67028,0.564519,-0.731113,1.109272,-0.436436,-0.339473,-0.636516,cluster2
1.637766,-1,-0.384975,-1.393261,-0.958135,1.013423,0.67028,0.564519,1.367777,-0.901493,-0.436436,-0.339473,1.571053,cluster3
-0.859992,1,-0.905857,0.717741,-0.958135,1.013423,0.67028,-1.771421,1.367777,-0.901493,-0.436436,2.945746,-0.636516,cluster1
0.80518,-1,0.277108,0.717741,0.936036,-0.986754,-1.491914,0.564519,-0.731113,1.109272,-0.436436,-0.339473,-0.636516,cluster2
-0.374317,1,-0.210225,0.717741,-0.011049,1.013423,-1.491914,0.564519,1.367777,-0.901493,-0.436436,-0.339473,1.571053,cluster3
-0.998757,-1,-0.162524,-1.393261,0.936036,-0.986754,0.67028,0.564519,1.367777,1.109272,-0.436436,-0.339473,-0.636516,cluster4
0.735798,-1,0.569682,-1.393261,-0.958135,-0.986754,-1.491914,0.564519,-0.731113,-0.901493,2.291288,-0.339473,-0.636516,cluster0
1.290856,1,1.168082,0.717741,0.936036,1.013423,0.67028,0.564519,-0.731113,1.109272,-0.436436,-0.339473,-0.636516,cluster4
1.290856,-1,1.055448,0.717741,-0.958135,1.013423,0.67028,-1.771421,-0.731113,1.109272,-0.436436,-0.339473,-0.636516,cluster2
-1.692578,-1,-1.360409,0.717741,-0.958135,-0.986754,0.67028,0.564519,-0.731113,1.109272,-0.436436,-0.339473,-0.636516,cluster2
-1.41505,1,-1.518802,0.717741,-0.011049,-0.986754,-1.491914,-1.771421,1.367777,1.109272,-0.436436,-0.339473,-0.636516,cluster4
-0.582463,1,0.259667,0.717741,0.936036,1.013423,0.67028,0.564519,1.367777,-0.901493,-0.436436,-0.339473,1.571053,cluster3
-0.513081,-1,-1.194707,-1.393261,0.936036,-0.986754,0.67028,0.564519,-0.731113,1.109272,-0.436436,-0.339473,-0.636516,cluster2
-1.692578,-1,-0.944635,0.717741,-0.958135,1.013423,-1.491914,0.564519,-0.731113,-0.901493,2.291288,-0.339473,-0.636516,cluster1
0.80518,1,-0.063321,0.717741,-0.011049,-0.986754,0.67028,0.564519,1.367777,1.109272,-0.436436,-0.339473,-0.636516,cluster4
-1.068139,-1,-1.235161,0.717741,0.936036,1.013423,0.67028,0.564519,-0.731113,1.109272,-0.436436,-0.339473,-0.636516,cluster2
-0.027406,1,-0.932919,0.717741,-0.958135,1.013423,-1.491914,0.564519,1.367777,1.109272,-0.436436,-0.339473,-0.636516,cluster4
0.041976,1,0.431732,-1.393261,-0.958135,-0.986754,0.67028,0.564519,1.367777,-0.901493,-0.436436,-0.339473,1.571053,cluster3
1.499002,-1,0.542301,0.717741,-0.011049,-0.986754,0.67028,0.564519,-0.731113,1.109272,-0.436436,-0.339473,-0.636516,cluster2
0.041976,1,0.377964,0.717741,1.883121,1.013423,0.67028,0.564519,-0.731113,-0.901493,-0.436436,-0.339473,1.571053,cluster3
0.458269,1,1.482612,0.717741,-0.958135,1.013423,0.67028,-1.771421,-0.731113,-0.901493,2.291288,-0.339473,-0.636516,cluster1
-1.345667,1,-1.123784,0.717741,-0.958135,-0.986754,-1.491914,0.564519,-0.731113,1.109272,-0.436436,-0.339473,-0.636516,cluster2
-1.345667,1,-1.15156,-1.393261,-0.958135,-0.986754,0.67028,0.564519,-0.731113,1.109272,-0.436436,-0.339473,-0.636516,cluster2
-0.859992,-1,-0.270976,0.717741,0.936036,1.013423,0.67028,0.564519,1.367777,1.109272,-0.436436,-0.339473,-0.636516,cluster4
-0.443699,1,0.760857,-1.393261,0.936036,-0.986754,0.67028,0.564519,-0.731113,-0.901493,-0.436436,-0.339473,1.571053,cluster3
-0.582463,1,-0.169981,0.717741,1.883121,1.013423,-1.491914,-1.771421,1.367777,1.109272,-0.436436,-0.339473,-0.636516,cluster4
0.597034,-1,0.742523,0.717741,-0.958135,1.013423,-1.491914,0.564519,-0.731113,1.109272,-0.436436,-0.339473,-0.636516,cluster2
-0.443699,1,0.473792,-1.393261,0.936036,1.013423,0.67028,0.564519,-0.731113,-0.901493,-0.436436,-0.339473,1.571053,cluster3
0.943945,1,1.218443,0.717741,-0.011049,1.013423,0.67028,0.564519,-0.731113,1.109272,-0.436436,-0.339473,-0.636516,cluster4
0.80518,-1,1.572909,0.717741,-0.958135,-0.986754,0.67028,0.564519,-0.731113,1.109272,-0.436436,-0.339473,-0.636516,cluster2
0.943945,-1,-0.44952,0.717741,0.936036,-0.986754,0.67028,-1.771421,-0.731113,-0.901493,-0.436436,-0.339473,1.571053,cluster3
-1.137521,1,-1.35622,0.717741,1.883121,-0.986754,0.67028,0.564519,1.367777,1.109272,-0.436436,-0.339473,-0.636516,cluster4
-0.235553,1,-0.795574,-1.393261,-0.958135,1.013423,-1.491914,-1.771421,-0.731113,-0.901493,-0.436436,-0.339473,1.571053,cluster3
1.499002,-1,1.415267,0.717741,1.883121,1.013423,0.67028,0.564519,-0.731113,-0.901493,2.291288,-0.339473,-0.636516,cluster1
0.250123,1,0.155288,-1.393261,0.936036,-0.986754,0.67028,-1.771421,1.367777,-0.901493,2.291288,-0.339473,-0.636516,cluster0
1.360238,-1,2.121218,0.717741,-0.011049,1.013423,0.67028,0.564519,-0.731113,-0.901493,2.291288,-0.339473,-0.636516,cluster1
-0.443699,-1,-0.521777,0.717741,-0.011049,-0.986754,0.67028,-1.771421,1.367777,-0.901493,-0.436436,-0.339473,1.571053,cluster3
-0.513081,-1,0.427061,-1.393261,-0.011049,-0.986754,0.67028,0.564519,-0.731113,-0.901493,2.291288,-0.339473,-0.636516,cluster0
0.319505,1,1.358388,-1.393261,1.883121,1.013423,0.67028,-1.771421,-0.731113,-0.901493,2.291288,-0.339473,-0.636516,cluster0
0.319505,1,0.891227,0.717741,0.936036,-0.986754,-1.491914,0.564519,-0.731113,1.109272,-0.436436,-0.339473,-0.636516,cluster2
-0.374317,-1,-0.175838,0.717741,-0.958135,1.013423,0.67028,0.564519,-0.731113,-0.901493,-0.436436,-0.339473,1.571053,cluster3
0.388887,-1,1.170006,0.717741,-0.958135,-0.986754,0.67028,0.564519,-0.731113,1.109272,-0.436436,-0.339473,-0.636516,cluster2
-0.096788,1,-1.0421,0.717741,1.883121,1.013423,0.67028,0.564519,-0.731113,-0.901493,-0.436436,-0.339473,1.571053,cluster3
-1.068139,-1,-0.479003,-1.393261,-0.958135,1.013423,0.67028,0.564519,-0.731113,-0.901493,2.291288,-0.339473,-0.636516,cluster0
0.041976,1,-0.33189,-1.393261,0.936036,-0.986754,-1.491914,0.564519,-0.731113,1.109272,-0.436436,-0.339473,-0.636516,cluster2
1.290856,1,1.092853,0.717741,1.883121,-0.986754,0.67028,0.564519,1.367777,-0.901493,2.291288,-0.339473,-0.636516,cluster1
0.666416,-1,-0.838558,-1.393261,0.936036,1.013423,0.67028,0.564519,-0.731113,-0.901493,-0.436436,2.945746,-0.636516,cluster0
1.499002,-1,0.691486,0.717741,-0.958135,1.013423,-1.491914,0.564519,-0.731113,-0.901493,-0.436436,2.945746,-0.636516,cluster1
1.637766,-1,2.481223,0.717741,0.936036,1.013423,0.67028,0.564519,1.367777,-0.901493,-0.436436,-0.339473,1.571053,cluster3
0.735798,-1,0.295667,0.717741,-0.011049,1.013423,0.67028,0.564519,-0.731113,-0.901493,-0.436436,-0.339473,1.571053,cluster3
-1.553814,-1,-1.045498,0.717741,0.936036,1.013423,-1.491914,0.564519,1.367777,1.109272,-0.436436,-0.339473,-0.636516,cluster4
1.013327,-1,0.906318,-1.393261,-0.958135,-0.986754,0.67028,0.564519,-0.731113,1.109272,-0.436436,-0.339473,-0.636516,cluster2
1.568384,-1,1.136643,0.717741,-0.958135,-0.986754,0.67028,0.564519,-0.731113,-0.901493,2.291288,-0.339473,-0.636516,cluster1
1.499002,-1,2.152191,-1.393261,-0.011049,-0.986754,0.67028,0.564519,-0.731113,1.109272,-0.436436,-0.339473,-0.636516,cluster2
0.666416,1,0.742601,0.717741,1.883121,-0.986754,0.67028,0.564519,-0.731113,1.109272,-0.436436,-0.339473,-0.636516,cluster2
0.319505,-1,-0.367192,0.717741,-0.958135,-0.986754,-1.491914,0.564519,-0.731113,1.109272,-0.436436,-0.339473,-0.636516,cluster2
-0.998757,-1,-0.797863,0.717741,-0.011049,1.013423,-1.491914,-1.771421,1.367777,-0.901493,-0.436436,-0.339473,1.571053,cluster3
1.499002,1,1.664306,0.717741,-0.958135,1.013423,0.67028,0.564519,1.367777,-0.901493,-0.436436,-0.339473,1.571053,cluster3
-1.206903,1,-0.66733,0.717741,-0.011049,-0.986754,0.67028,0.564519,-0.731113,1.109272,-0.436436,-0.339473,-0.636516,cluster2
1.082709,1,1.837279,0.717741,-0.958135,-0.986754,0.67028,-1.771421,1.367777,-0.901493,-0.436436,2.945746,-0.636516,cluster1
-0.582463,1,-0.565443,0.717741,0.936036,1.013423,-1.491914,0.564519,-0.731113,-0.901493,-0.436436,-0.339473,1.571053,cluster3
-1.553814,-1,-0.672195,-1.393261,0.936036,-0.986754,0.67028,0.564519,-0.731113,1.109272,-0.436436,-0.339473,-0.636516,cluster2
1.42962,1,-0.139,0.717741,-0.958135,1.013423,0.67028,-1.771421,-0.731113,-0.901493,2.291288,-0.339473,-0.636516,cluster1
-0.859992,-1,0.055581,0.717741,1.883121,1.013423,0.67028,0.564519,-0.731113,-0.901493,-0.436436,2.945746,-0.636516,cluster1
0.735798,1,0.05195,0.717741,-0.011049,1.013423,0.67028,0.564519,-0.731113,-0.901493,2.291288,-0.339473,-0.636516,cluster1
0.041976,1,0.691207,-1.393261,0.936036,1.013423,-1.491914,0.564519,-0.731113,-0.901493,-0.436436,-0.339473,1.571053,cluster3
1.42962,1,2.102209,0.717741,0.936036,-0.986754,0.67028,-1.771421,1.367777,-0.901493,-0.436436,-0.339473,1.571053,cluster3
-0.651846,1,-0.214392,0.717741,-0.011049,-0.986754,0.67028,0.564519,1.367777,1.109272,-0.436436,-0.339473,-0.636516,cluster4
-0.096788,1,-0.323378,-1.393261,0.936036,1.013423,-1.491914,-1.771421,-0.731113,-0.901493,2.291288,-0.339473,-0.636516,cluster1
-1.553814,-1,-1.503663,0.717741,0.936036,-0.986754,0.67028,0.564519,-0.731113,-0.901493,-0.436436,2.945746,-0.636516,cluster1
0.527652,1,-0.082361,0.717741,-0.958135,1.013423,0.67028,0.564519,-0.731113,-0.901493,-0.436436,-0.339473,1.571053,cluster3
-1.276285,1,-0.547512,0.717741,0.936036,1.013423,0.67028,0.564519,-0.731113,-0.901493,2.291288,-0.339473,-0.636516,cluster1
1.221473,-1,-0.466907,0.717741,-0.958135,-0.986754,-1.491914,0.564519,-0.731113,-0.901493,-0.436436,-0.339473,1.571053,cluster3
0.111358,-1,-0.947242,0.717741,-0.011049,-0.986754,0.67028,0.564519,-0.731113,-0.901493,-0.436436,-0.339473,1.571053,cluster3
-1.345667,1,-0.671,0.717741,0.936036,1.013423,0.67028,0.564519,-0.731113,1.109272,-0.436436,-0.339473,-0.636516,cluster4
-0.16617,-1,-1.128649,0.717741,-0.958135,-0.986754,-1.491914,-1.771421,-0.731113,1.109272,-0.436436,-0.339473,-0.636516,cluster2
0.458269,-1,-0.528798,-1.393261,1.883121,-0.986754,-1.491914,0.564519,-0.731113,-0.901493,-0.436436,-0.339473,1.571053,cluster3
-1.484432,-1,-1.549778,-1.393261,-0.011049,1.013423,-1.491914,0.564519,-0.731113,-0.901493,-0.436436,-0.339473,1.571053,cluster3
-0.16617,-1,-0.203281,0.717741,-0.958135,-0.986754,-1.491914,-1.771421,-0.731113,1.109272,-0.436436,-0.339473,-0.636516,cluster2
-1.137521,1,-0.267849,0.717741,-0.011049,-0.986754,-1.491914,0.564519,1.367777,-0.901493,2.291288,-0.339473,-0.636516,cluster1
-1.553814,1,-1.391459,-1.393261,-0.011049,-0.986754,0.67028,0.564519,1.367777,-0.901493,-0.436436,-0.339473,1.571053,cluster3
-1.276285,1,-1.471145,-1.393261,-0.011049,-0.986754,-1.491914,-1.771421,1.367777,1.109272,-0.436436,-0.339473,-0.636516,cluster4
-0.374317,-1,-0.063352,-1.393261,-0.958135,1.013423,0.67028,0.564519,-0.731113,-0.901493,-0.436436,-0.339473,1.571053,cluster3
0.943945,1,0.504043,0.717741,-0.958135,-0.986754,-1.491914,0.564519,-0.731113,1.109272,-0.436436,-0.339473,-0.636516,cluster2
0.666416,1,1.679894,0.717741,-0.958135,1.013423,0.67028,0.564519,-0.731113,1.109272,-0.436436,-0.339473,-0.636516,cluster4
-1.41505,1,-0.605005,0.717741,0.936036,-0.986754,-1.491914,0.564519,-0.731113,1.109272,-0.436436,-0.339473,-0.636516,cluster2
-0.513081,1,-0.246528,0.717741,1.883121,1.013423,0.67028,0.564519,-0.731113,1.109272,-0.436436,-0.339473,-0.636516,cluster4
-0.582463,1,-0.040705,0.717741,-0.011049,1.013423,0.67028,0.564519,-0.731113,-0.901493,2.291288,-0.339473,-0.636516,cluster1
1.707149,-1,1.088865,0.717741,0.936036,-0.986754,0.67028,0.564519,-0.731113,-0.901493,-0.436436,-0.339473,1.571053,cluster3
1.082709,-1,2.235775,-1.393261,-0.958135,-0.986754,0.67028,0.564519,-0.731113,1.109272,-0.436436,-0.339473,-0.636516,cluster2
-0.16617,1,0.778547,0.717741,-0.958135,1.013423,0.67028,0.564519,-0.731113,-0.901493,-0.436436,-0.339473,1.571053,cluster3
-0.096788,-1,0.199808,0.717741,-0.958135,1.013423,0.67028,0.564519,1.367777,1.109272,-0.436436,-0.339473,-0.636516,cluster4
0.041976,1,-0.951936,0.717741,-0.958135,-0.986754,-1.491914,-1.771421,-0.731113,1.109272,-0.436436,-0.339473,-0.636516,cluster2
1.42962,1,0.664307,0.717741,0.936036,-0.986754,-1.491914,0.564519,-0.731113,1.109272,-0.436436,-0.339473,-0.636516,cluster2
-1.41505,-1,-0.765711,0.717741,-0.011049,-0.986754,0.67028,0.564519,1.367777,1.109272,-0.436436,-0.339473,-0.636516,cluster4
1.221473,1,2.260495,-1.393261,-0.958135,-0.986754,0.67028,0.564519,-0.731113,-0.901493,2.291288,-0.339473,-0.636516,cluster0
1.568384,-1,0.79003,-1.393261,-0.958135,1.013423,0.67028,0.564519,1.367777,1.109272,-0.436436,-0.339473,-0.636516,cluster4
0.388887,-1,-0.698908,0.717741,0.936036,1.013423,0.67028,0.564519,1.367777,1.109272,-0.436436,-0.339473,-0.636516,cluster4
-0.304935,-1,0.162776,-1.393261,-0.958135,1.013423,0.67028,-1.771421,1.367777,1.109272,-0.436436,-0.339473,-0.636516,cluster4
0.458269,1,0.399254,0.717741,-0.011049,1.013423,0.67028,0.564519,1.367777,-0.901493,2.291288,-0.339473,-0.636516,cluster1
-1.553814,-1,-0.717568,0.717741,-0.958135,-0.986754,-1.491914,-1.771421,1.367777,1.109272,-0.436436,-0.339473,-0.636516,cluster4
0.388887,-1,0.534263,0.717741,-0.011049,-0.986754,-1.491914,0.564519,-0.731113,-0.901493,-0.436436,-0.339473,1.571053,cluster3
-0.304935,1,0.569713,0.717741,0.936036,1.013423,-1.491914,0.564519,1.367777,1.109272,-0.436436,-0.339473,-0.636516,cluster4
-0.096788,-1,-0.444376,0.717741,-0.958135,-0.986754,-1.491914,0.564519,-0.731113,1.109272,-0.436436,-0.339473,-0.636516,cluster2
1.707149,-1,2.762577,0.717741,0.936036,1.013423,0.67028,0.564519,-0.731113,-0.901493,-0.436436,2.945746,-0.636516,cluster1
-0.235553,1,-0.971985,0.717741,-0.011049,1.013423,0.67028,-1.771421,-0.731113,1.109272,-0.436436,-0.339473,-0.636516,cluster4
1.499002,-1,1.668193,0.717741,1.883121,-0.986754,0.67028,0.564519,-0.731113,-0.901493,2.291288,-0.339473,-0.636516,cluster1
-0.096788,1,-0.874737,0.717741,-0.958135,1.013423,-1.491914,0.564519,1.367777,1.109272,-0.436436,-0.339473,-0.636516,cluster4
0.874562,1,0.672532,0.717741,0.936036,1.013423,-1.491914,0.564519,-0.731113,-0.901493,-0.436436,2.945746,-0.636516,cluster1
0.666416,1,-0.751365,0.717741,-0.011049,-0.986754,0.67028,-1.771421,1.367777,1.109272,-0.436436,-0.339473,-0.636516,cluster4
-0.859992,-1,-0.676687,-1.393261,-0.958135,-0.986754,-1.491914,0.564519,1.367777,1.109272,-0.436436,-0.339473,-0.636516,cluster4
0.666416,1,1.64456,0.717741,0.936036,1.013423,0.67028,0.564519,-0.731113,1.109272,-0.436436,-0.339473,-0.636516,cluster4
-1.137521,1,-1.003834,-1.393261,0.936036,-0.986754,-1.491914,0.564519,1.367777,1.109272,-0.436436,-0.339473,-0.636516,cluster4
-1.137521,-1,-0.520225,0.717741,-0.958135,-0.986754,0.67028,0.564519,-0.731113,1.109272,-0.436436,-0.339473,-0.636516,cluster2
0.250123,1,-0.112209,0.717741,-0.011049,1.013423,0.67028,0.564519,-0.731113,-0.901493,-0.436436,-0.339473,1.571053,cluster3
0.250123,-1,1.094218,0.717741,-0.958135,-0.986754,0.67028,0.564519,1.367777,-0.901493,-0.436436,-0.339473,1.571053,cluster3
0.666416,1,-0.818292,0.717741,-0.958135,-0.986754,-1.491914,0.564519,-0.731113,1.109272,-0.436436,-0.339473,-0.636516,cluster2
-0.374317,1,-0.660363,-1.393261,1.883121,1.013423,-1.491914,0.564519,-0.731113,1.109272,-0.436436,-0.339473,-0.636516,cluster4
-1.41505,1,-1.145128,0.717741,-0.011049,-0.986754,0.67028,0.564519,1.367777,1.109272,-0.436436,-0.339473,-0.636516,cluster4
-1.692578,1,-1.019142,-1.393261,-0.958135,1.013423,-1.491914,0.564519,1.367777,1.109272,-0.436436,-0.339473,-0.636516,cluster4
1.42962,1,2.473875,-1.393261,-0.958135,1.013423,0.67028,0.564519,-0.731113,1.109272,-0.436436,-0.339473,-0.636516,cluster4
-1.206903,-1,-0.974793,0.717741,-0.958135,-0.986754,0.67028,0.564519,1.367777,1.109272,-0.436436,-0.339473,-0.636516,cluster4
1.707149,1,0.942109,0.717741,-0.958135,1.013423,0.67028,0.564519,-0.731113,1.109272,-0.436436,-0.339473,-0.636516,cluster4
-1.068139,1,-0.523879,-1.393261,-0.958135,-0.986754,0.67028,-1.771421,-0.731113,1.109272,-0.436436,-0.339473,-0.636516,cluster2
1.290856,1,-0.236636,-1.393261,-0.958135,1.013423,-1.491914,-1.771421,-0.731113,1.109272,-0.436436,-0.339473,-0.636516,cluster4
1.082709,1,0.434463,0.717741,-0.011049,1.013423,0.67028,0.564519,-0.731113,-0.901493,-0.436436,-0.339473,1.571053,cluster3
-1.41505,1,-1.015666,0.717741,-0.958135,1.013423,0.67028,0.564519,-0.731113,1.109272,-0.436436,-0.339473,-0.636516,cluster4
-0.998757,1,-1.113263,-1.393261,-0.011049,-0.986754,-1.491914,0.564519,-0.731113,-0.901493,-0.436436,-0.339473,1.571053,cluster3
-1.345667,1,-1.373268,0.717741,-0.958135,-0.986754,0.67028,0.564519,-0.731113,1.109272,-0.436436,-0.339473,-0.636516,cluster2
-1.068139,1,-0.769179,0.717741,-0.958135,-0.986754,0.67028,0.564519,-0.731113,-0.901493,-0.436436,2.945746,-0.636516,cluster1
-1.068139,-1,-0.959586,0.717741,-0.958135,1.013423,-1.491914,0.564519,-0.731113,-0.901493,-0.436436,2.945746,-0.636516,cluster1
-0.16617,-1,0.329751,0.717741,1.883121,1.013423,0.67028,0.564519,1.367777,1.109272,-0.436436,-0.339473,-0.636516,cluster4
-0.235553,1,0.323498,-1.393261,-0.958135,1.013423,0.67028,-1.771421,-0.731113,-0.901493,-0.436436,-0.339473,1.571053,cluster3
-0.513081,-1,0.083381,0.717741,-0.958135,1.013423,0.67028,0.564519,-0.731113,1.109272,-0.436436,-0.339473,-0.636516,cluster2
-0.374317,-1,-0.097941,-1.393261,0.936036,1.013423,-1.491914,-1.771421,-0.731113,1.109272,-0.436436,-0.339473,-0.636516,cluster2
0.319505,1,1.132779,0.717741,0.936036,-0.986754,0.67028,0.564519,-0.731113,1.109272,-0.436436,-0.339473,-0.636516,cluster2
-0.027406,-1,0.91434,0.717741,-0.011049,-0.986754,0.67028,0.564519,-0.731113,1.109272,-0.436436,-0.339473,-0.636516,cluster2
1.707149,-1,1.241859,0.717741,-0.958135,-0.986754,0.67028,0.564519,1.367777,1.109272,-0.436436,-0.339473,-0.636516,cluster4
1.013327,1,1.734104,0.717741,1.883121,-0.986754,0.67028,0.564519,-0.731113,-0.901493,2.291288,-0.339473,-0.636516,cluster1
0.319505,-1,-0.006923,-1.393261,-0.958135,1.013423,0.67028,0.564519,-0.731113,-0.901493,2.291288,-0.339473,-0.636516,cluster0
1.707149,1,1.780672,0.717741,0.936036,1.013423,0.67028,0.564519,-0.731113,1.109272,-0.436436,-0.339473,-0.636516,cluster4
0.943945,1,-0.204507,-1.393261,-0.958135,-0.986754,0.67028,0.564519,-0.731113,-0.901493,-0.436436,-0.339473,1.571053,cluster3
-0.374317,1,0.038605,-1.393261,-0.958135,1.013423,-1.491914,0.564519,1.367777,-0.901493,2.291288,-0.339473,-0.636516,cluster0
-1.068139,1,-1.182781,-1.393261,-0.958135,1.013423,-1.491914,-1.771421,-0.731113,1.109272,-0.436436,-0.339473,-0.636516,cluster4
1.152091,-1,0.206799,0.717741,-0.958135,1.013423,-1.491914,0.564519,1.367777,1.109272,-0.436436,-0.339473,-0.636516,cluster4
-0.79061,1,0.112142,-1.393261,-0.011049,-0.986754,-1.491914,0.564519,1.367777,1.109272,-0.436436,-0.339473,-0.636516,cluster4
-0.79061,1,-1.044754,0.717741,-0.958135,-0.986754,-1.491914,0.564519,1.367777,-0.901493,-0.436436,2.945746,-0.636516,cluster1
-0.721228,-1,0.223472,0.717741,-0.958135,1.013423,0.67028,0.564519,-0.731113,-0.901493,-0.436436,-0.339473,1.571053,cluster3
1.013327,-1,1.079562,-1.393261,1.883121,-0.986754,0.67028,-1.771421,-0.731113,-0.901493,2.291288,-0.339473,-0.636516,cluster0
0.458269,-1,-0.83893,-1.393261,-0.011049,-0.986754,0.67028,0.564519,1.367777,1.109272,-0.436436,-0.339473,-0.636516,cluster4
1.568384,1,1.918878,-1.393261,0.936036,1.013423,0.67028,0.564519,-0.731113,-0.901493,-0.436436,-0.339473,1.571053,cluster3
-1.41505,-1,-0.74927,0.717741,0.936036,-0.986754,0.67028,0.564519,1.367777,1.109272,-0.436436,-0.339473,-0.636516,cluster4
-1.137521,-1,-0.733706,0.717741,0.936036,-0.986754,0.67028,-1.771421,-0.731113,-0.901493,2.291288,-0.339473,-0.636516,cluster1
-1.345667,1,-1.140558,0.717741,-0.958135,1.013423,0.67028,0.564519,-0.731113,1.109272,-0.436436,-0.339473,-0.636516,cluster4
-1.137521,-1,-1.258832,0.717741,0.936036,1.013423,-1.491914,-1.771421,-0.731113,-0.901493,2.291288,-0.339473,-0.636516,cluster1
1.152091,-1,2.211785,-1.393261,-0.958135,1.013423,0.67028,0.564519,-0.731113,1.109272,-0.436436,-0.339473,-0.636516,cluster2
1.707149,1,0.600484,0.717741,-0.011049,1.013423,0.67028,0.564519,-0.731113,1.109272,-0.436436,-0.339473,-0.636516,cluster4
-0.582463,-1,-0.586244,0.717741,-0.958135,1.013423,0.67028,0.564519,-0.731113,1.109272,-0.436436,-0.339473,-0.636516,cluster2
0.527652,1,0.02339,0.717741,0.936036,1.013423,0.67028,-1.771421,-0.731113,-0.901493,2.291288,-0.339473,-0.636516,cluster1
0.250123,1,0.795259,-1.393261,-0.958135,1.013423,0.67028,0.564519,1.367777,-0.901493,-0.436436,2.945746,-0.636516,cluster0
-1.345667,-1,-1.545366,-1.393261,1.883121,1.013423,-1.491914,-1.771421,-0.731113,1.109272,-0.436436,-0.339473,-0.636516,cluster2
-1.137521,1,-0.476357,0.717741,-0.958135,-0.986754,-1.491914,0.564519,-0.731113,-0.901493,2.291288,-0.339473,-0.636516,cluster1
-0.16617,1,-0.556846,0.717741,1.883121,-0.986754,0.67028,0.564519,-0.731113,-0.901493,-0.436436,-0.339473,1.571053,cluster3
-0.443699,1,-0.480399,0.717741,1.883121,1.013423,-1.491914,0.564519,-0.731113,-0.901493,-0.436436,-0.339473,1.571053,cluster3
1.568384,1,2.339075,-1.393261,-0.958135,-0.986754,0.67028,0.564519,1.367777,1.109272,-0.436436,-0.339473,-0.636516,cluster4
0.180741,-1,0.662112,0.717741,-0.011049,1.013423,0.67028,0.564519,1.367777,-0.901493,-0.436436,-0.339473,1.571053,cluster3
-1.345667,1,-1.026753,0.717741,0.936036,-0.986754,-1.491914,0.564519,1.367777,1.109272,-0.436436,-0.339473,-0.636516,cluster4
-0.027406,-1,-0.748029,0.717741,-0.011049,-0.986754,-1.491914,-1.771421,-0.731113,-0.901493,-0.436436,-0.339473,1.571053,cluster3
-1.484432,-1,-1.310831,-1.393261,1.883121,-0.986754,0.67028,0.564519,1.367777,-0.901493,2.291288,-0.339473,-0.636516,cluster0
1.360238,-1,-0.25303,-1.393261,-0.958135,1.013423,-1.491914,0.564519,-0.731113,1.109272,-0.436436,-0.339473,-0.636516,cluster2
0.458269,-1,-0.11065,-1.393261,0.936036,-0.986754,0.67028,0.564519,-0.731113,-0.901493,-0.436436,2.945746,-0.636516,cluster0
-0.998757,-1,-0.322222,0.717741,0.936036,-0.986754,-1.491914,0.564519,1.367777,-0.901493,-0.436436,-0.339473,1.571053,cluster3
-0.304935,-1,-0.467729,-1.393261,1.883121,-0.986754,-1.491914,0.564519,1.367777,-0.901493,-0.436436,-0.339473,1.571053,cluster3
-0.443699,1,-1.191518,-1.393261,-0.958135,-0.986754,-1.491914,-1.771421,-0.731113,-0.901493,-0.436436,-0.339473,1.571053,cluster3
-1.41505,1,-0.80255,0.717741,-0.958135,-0.986754,0.67028,0.564519,-0.731113,-0.901493,-0.436436,2.945746,-0.636516,cluster1
-0.16617,-1,0.105384,0.717741,-0.011049,-0.986754,0.67028,0.564519,1.367777,-0.901493,-0.436436,-0.339473,1.571053,cluster3
-0.16617,-1,-0.458683,0.717741,-0.958135,-0.986754,-1.491914,0.564519,-0.731113,-0.901493,-0.436436,-0.339473,1.571053,cluster3
1.221473,-1,1.461307,0.717741,-0.958135,1.013423,0.67028,0.564519,1.367777,1.109272,-0.436436,-0.339473,-0.636516,cluster4
-1.345667,1,-0.648477,-1.393261,-0.958135,1.013423,0.67028,-1.771421,-0.731113,1.109272,-0.436436,-0.339473,-0.636516,cluster4
-1.484432,1,-0.745011,0.717741,-0.011049,1.013423,-1.491914,-1.771421,-0.731113,1.109272,-0.436436,-0.339473,-0.636516,cluster4
1.082709,1,0.442633,-1.393261,-0.958135,1.013423,0.67028,0.564519,-0.731113,-0.901493,-0.436436,-0.339473,1.571053,cluster3
0.388887,-1,0.222836,-1.393261,-0.958135,-0.986754,0.67028,0.564519,-0.731113,-0.901493,-0.436436,2.945746,-0.636516,cluster0
1.42962,-1,0.55096,0.717741,-0.958135,1.013423,-1.491914,0.564519,-0.731113,-0.901493,-0.436436,-0.339473,1.571053,cluster3
-1.553814,1,-0.841917,-1.393261,1.883121,1.013423,-1.491914,0.564519,1.367777,-0.901493,-0.436436,-0.339473,1.571053,cluster3
1.707149,-1,2.577718,-1.393261,0.936036,-0.986754,0.67028,0.564519,1.367777,-0.901493,-0.436436,2.945746,-0.636516,cluster0
1.360238,-1,2.239965,-1.393261,-0.958135,1.013423,0.67028,0.564519,-0.731113,1.109272,-0.436436,-0.339473,-0.636516,cluster2
-0.443699,1,-1.108538,0.717741,-0.958135,-0.986754,0.67028,0.564519,-0.731113,-0.901493,-0.436436,-0.339473,1.571053,cluster3
-0.79061,1,0.068693,0.717741,-0.011049,1.013423,-1.491914,0.564519,-0.731113,1.109272,-0.436436,-0.339473,-0.636516,cluster4
-0.027406,-1,-0.036274,0.717741,-0.958135,1.013423,0.67028,0.564519,-0.731113,1.109272,-0.436436,-0.339473,-0.636516,cluster2
-1.692578,1,-1.409097,0.717741,-0.958135,1.013423,-1.491914,0.564519,1.367777,-0.901493,2.291288,-0.339473,-0.636516,cluster1
0.250123,-1,0.09145,-1.393261,-0.011049,-0.986754,0.67028,0.564519,1.367777,-0.901493,-0.436436,2.945746,-0.636516,cluster0
-1.206903,1,-0.40019,0.717741,-0.011049,1.013423,0.67028,0.564519,-0.731113,-0.901493,-0.436436,-0.339473,1.571053,cluster3
1.568384,-1,-0.236372,-1.393261,-0.958135,-0.986754,0.67028,-1.771421,1.367777,-0.901493,2.291288,-0.339473,-0.636516,cluster0
-0.16617,1,0.733073,0.717741,-0.011049,-0.986754,-1.491914,0.564519,1.367777,-0.901493,-0.436436,-0.339473,1.571053,cluster3
-0.721228,1,-0.403161,0.717741,-0.011049,-0.986754,-1.491914,-1.771421,-0.731113,1.109272,-0.436436,-0.339473,-0.636516,cluster2
-1.692578,-1,-0.924362,0.717741,-0.958135,-0.986754,0.67028,0.564519,-0.731113,1.109272,-0.436436,-0.339473,-0.636516,cluster2
1.499002,1,2.078599,0.717741,-0.011049,1.013423,0.67028,-1.771421,-0.731113,1.109272,-0.436436,-0.339473,-0.636516,cluster4
0.041976,-1,0.904029,0.717741,1.883121,-0.986754,0.67028,0.564519,1.367777,1.109272,-0.436436,-0.339473,-0.636516,cluster4
-1.41505,-1,-1.069543,0.717741,1.883121,-0.986754,0.67028,0.564519,-0.731113,1.109272,-0.436436,-0.339473,-0.636516,cluster2
-1.206903,1,-1.399534,0.717741,-0.958135,-0.986754,-1.491914,-1.771421,-0.731113,-0.901493,-0.436436,-0.339473,1.571053,cluster3
-0.235553,1,-0.220994,0.717741,-0.011049,1.013423,0.67028,0.564519,1.367777,1.109272,-0.436436,-0.339473,-0.636516,cluster4
1.082709,-1,0.056605,0.717741,1.883121,-0.986754,-1.491914,0.564519,-0.731113,1.109272,-0.436436,-0.339473,-0.636516,cluster2
-0.651846,1,-1.038702,0.717741,-0.011049,-0.986754,0.67028,-1.771421,-0.731113,1.109272,-0.436436,-0.339473,-0.636516,cluster2
0.666416,-1,0.747791,0.717741,-0.011049,1.013423,0.67028,0.564519,-0.731113,-0.901493,2.291288,-0.339473,-0.636516,cluster1
-1.345667,1,-1.086596,-1.393261,-0.958135,-0.986754,0.67028,0.564519,-0.731113,1.109272,-0.436436,-0.339473,-0.636516,cluster2
0.111358,-1,0.910065,-1.393261,-0.958135,1.013423,0.67028,-1.771421,-0.731113,1.109272,-0.436436,-0.339473,-0.636516,cluster2
0.597034,1,1.458623,0.717741,0.936036,1.013423,0.67028,0.564519,1.367777,-0.901493,2.291288,-0.339473,-0.636516,cluster1
-1.137521,-1,-0.510007,0.717741,-0.958135,-0.986754,0.67028,0.564519,-0.731113,-0.901493,-0.436436,-0.339473,1.571053,cluster3
-0.027406,1,-0.390134,0.717741,-0.958135,-0.986754,0.67028,-1.771421,1.367777,-0.901493,-0.436436,-0.339473,1.571053,cluster3
-0.582463,1,0.389866,0.717741,-0.958135,1.013423,0.67028,0.564519,1.367777,-0.901493,-0.436436,-0.339473,1.571053,cluster3
0.80518,-1,-0.228156,-1.393261,0.936036,1.013423,0.67028,0.564519,1.367777,-0.901493,2.291288,-0.339473,-0.636516,cluster0
-1.692578,1,-1.465219,0.717741,0.936036,-0.986754,-1.491914,-1.771421,-0.731113,-0.901493,2.291288,-0.339473,-0.636516,cluster1
0.319505,-1,-0.805707,-1.393261,0.936036,1.013423,-1.491914,0.564519,-0.731113,1.109272,-0.436436,-0.339473,-0.636516,cluster2
-1.276285,-1,-1.075075,0.717741,-0.958135,-0.986754,0.67028,0.564519,-0.731113,1.109272,-0.436436,-0.339473,-0.636516,cluster2
-1.623196,-1,-1.502214,0.717741,-0.011049,1.013423,0.67028,0.564519,1.367777,1.109272,-0.436436,-0.339473,-0.636516,cluster4
-0.374317,-1,-0.944581,0.717741,-0.958135,-0.986754,0.67028,-1.771421,-0.731113,-0.901493,-0.436436,-0.339473,1.571053,cluster3
0.180741,-1,0.13247,0.717741,-0.958135,-0.986754,0.67028,-1.771421,-0.731113,-0.901493,-0.436436,-0.339473,1.571053,cluster3
0.458269,1,1.081432,0.717741,1.883121,-0.986754,0.67028,0.564519,1.367777,-0.901493,2.291288,-0.339473,-0.636516,cluster1
1.707149,-1,2.317847,-1.393261,1.883121,-0.986754,0.67028,0.564519,-0.731113,-0.901493,2.291288,-0.339473,-0.636516,cluster0
-0.513081,-1,-1.241647,0.717741,-0.958135,-0.986754,-1.491914,0.564519,-0.731113,-0.901493,2.291288,-0.339473,-0.636516,cluster1
1.42962,1,1.908124,-1.393261,0.936036,1.013423,0.67028,0.564519,-0.731113,1.109272,-0.436436,-0.339473,-0.636516,cluster4
-0.304935,1,-0.096412,-1.393261,-0.958135,1.013423,0.67028,0.564519,-0.731113,-0.901493,2.291288,-0.339473,-0.636516,cluster0
0.388887,1,-0.14281,-1.393261,0.936036,1.013423,0.67028,0.564519,-0.731113,-0.901493,-0.436436,-0.339473,1.571053,cluster3
-0.998757,-1,-1.21062,-1.393261,-0.011049,-0.986754,0.67028,0.564519,-0.731113,1.109272,-0.436436,-0.339473,-0.636516,cluster2
0.250123,1,0.24321,0.717741,-0.958135,-0.986754,0.67028,0.564519,-0.731113,-0.901493,-0.436436,-0.339473,1.571053,cluster3
1.637766,1,0.70778,-1.393261,-0.011049,-0.986754,0.67028,0.564519,-0.731113,1.109272,-0.436436,-0.339473,-0.636516,cluster2
1.290856,-1,0.251101,-1.393261,0.936036,1.013423,-1.491914,0.564519,-0.731113,-0.901493,-0.436436,-0.339473,1.571053,cluster3
-1.692578,-1,-0.885591,-1.393261,0.936036,1.013423,0.67028,0.564519,-0.731113,-0.901493,2.291288,-0.339473,-0.636516,cluster0
0.80518,-1,-0.736096,0.717741,-0.958135,1.013423,0.67028,-1.771421,-0.731113,-0.901493,-0.436436,-0.339473,1.571053,cluster3
0.180741,1,1.171899,-1.393261,-0.958135,1.013423,0.67028,0.564519,1.367777,-0.901493,2.291288,-0.339473,-0.636516,cluster0
1.221473,1,-0.420052,-1.393261,0.936036,1.013423,0.67028,0.564519,-0.731113,1.109272,-0.436436,-0.339473,-0.636516,cluster4
0.180741,-1,0.78868,-1.393261,-0.011049,-0.986754,0.67028,0.564519,1.367777,-0.901493,-0.436436,-0.339473,1.571053,cluster3
-0.79061,-1,-0.337678,-1.393261,0.936036,-0.986754,0.67028,-1.771421,-0.731113,1.109272,-0.436436,-0.339473,-0.636516,cluster2
-0.235553,1,-0.432373,-1.393261,-0.958135,1.013423,0.67028,0.564519,1.367777,-0.901493,-0.436436,2.945746,-0.636516,cluster0
0.735798,1,0.820824,-1.393261,0.936036,1.013423,0.67028,0.564519,-0.731113,1.109272,-0.436436,-0.339473,-0.636516,cluster4
-0.513081,1,-0.360093,0.717741,-0.958135,1.013423,-1.491914,-1.771421,1.367777,-0.901493,2.291288,-0.339473,-0.636516,cluster1
-1.206903,-1,-1.278664,0.717741,-0.011049,1.013423,0.67028,-1.771421,1.367777,-0.901493,-0.436436,-0.339473,1.571053,cluster3
-0.721228,1,-0.271279,-1.393261,-0.958135,-0.986754,0.67028,0.564519,-0.731113,-0.901493,-0.436436,-0.339473,1.571053,cluster3
-0.443699,1,0.075343,0.717741,-0.958135,-0.986754,0.67028,0.564519,-0.731113,-0.901493,-0.436436,2.945746,-0.636516,cluster1
-1.276285,-1,-1.401134,-1.393261,-0.958135,-0.986754,-1.491914,0.564519,-0.731113,-0.901493,-0.436436,-0.339473,1.571053,cluster3
-0.235553,1,0.56858,0.717741,-0.011049,-0.986754,0.67028,-1.771421,1.367777,1.109272,-0.436436,-0.339473,-0.636516,cluster4
-1.276285,1,-0.485357,0.717741,-0.958135,-0.986754,-1.491914,0.564519,1.367777,1.109272,-0.436436,-0.339473,-0.636516,cluster4
1.013327,-1,1.809736,-1.393261,-0.011049,-0.986754,0.67028,-1.771421,1.367777,-0.901493,2.291288,-0.339473,-0.636516,cluster0
-1.068139,-1,-0.695813,0.717741,1.883121,-0.986754,-1.491914,0.564519,-0.731113,-0.901493,-0.436436,-0.339473,1.571053,cluster3
1.637766,-1,1.958758,0.717741,1.883121,1.013423,0.67028,0.564519,-0.731113,-0.901493,2.291288,-0.339473,-0.636516,cluster1
-1.692578,-1,-1.235393,0.717741,0.936036,-0.986754,0.67028,0.564519,1.367777,1.109272,-0.436436,-0.339473,-0.636516,cluster4
-0.651846,-1,0.156545,0.717741,-0.958135,-0.986754,0.67028,-1.771421,-0.731113,-0.901493,-0.436436,-0.339473,1.571053,cluster3
0.388887,1,-0.749728,0.717741,0.936036,-0.986754,0.67028,0.564519,-0.731113,-0.901493,-0.436436,2.945746,-0.636516,cluster1
-1.345667,-1,-0.502923,0.717741,-0.011049,-0.986754,-1.491914,0.564519,-0.731113,-0.901493,-0.436436,2.945746,-0.636516,cluster1
0.111358,1,-0.064858,0.717741,-0.011049,-0.986754,0.67028,-1.771421,1.367777,-0.901493,-0.436436,-0.339473,1.571053,cluster3
-0.235553,1,-0.04837,0.717741,0.936036,-0.986754,-1.491914,-1.771421,1.367777,1.109272,-0.436436,-0.339473,-0.636516,cluster4
1.568384,1,0.819079,0.717741,-0.011049,1.013423,0.67028,-1.771421,1.367777,1.109272,-0.436436,-0.339473,-0.636516,cluster4
1.221473,1,0.778206,0.717741,0.936036,1.013423,0.67028,0.564519,1.367777,-0.901493,-0.436436,2.945746,-0.636516,cluster1
-1.553814,1,-0.724621,0.717741,-0.958135,-0.986754,-1.491914,0.564519,1.367777,1.109272,-0.436436,-0.339473,-0.636516,cluster4
0.180741,-1,0.104034,0.717741,-0.958135,-0.986754,0.67028,0.564519,-0.731113,-0.901493,-0.436436,2.945746,-0.636516,cluster1
1.637766,1,1.615527,0.717741,-0.011049,1.013423,0.67028,-1.771421,-0.731113,-0.901493,2.291288,-0.339473,-0.636516,cluster1
1.499002,1,1.984703,0.717741,-0.958135,1.013423,0.67028,0.564519,-0.731113,1.109272,-0.436436,-0.339473,-0.636516,cluster4
0.597034,-1,-0.629018,0.717741,-0.958135,-0.986754,0.67028,0.564519,-0.731113,1.109272,-0.436436,-0.339473,-0.636516,cluster2
-0.582463,1,-0.301499,0.717741,0.936036,1.013423,0.67028,0.564519,-0.731113,-0.901493,2.291288,-0.339473,-0.636516,cluster1
1.568384,-1,1.152494,0.717741,-0.011049,-0.986754,0.67028,0.564519,-0.731113,-0.901493,-0.436436,-0.339473,1.571053,cluster3
0.527652,1,0.948215,0.717741,-0.958135,1.013423,0.67028,-1.771421,1.367777,-0.901493,2.291288,-0.339473,-0.636516,cluster1
1.637766,-1,1.370639,0.717741,-0.958135,-0.986754,0.67028,-1.771421,-0.731113,1.109272,-0.436436,-0.339473,-0.636516,cluster2
1.42962,1,0.80744,0.717741,-0.958135,-0.986754,0.67028,-1.771421,1.367777,1.109272,-0.436436,-0.339473,-0.636516,cluster4
0.735798,-1,-0.270161,-1.393261,-0.011049,-0.986754,-1.491914,0.564519,-0.731113,1.109272,-0.436436,-0.339473,-0.636516,cluster2
-0.651846,-1,0.285759,-1.393261,-0.958135,1.013423,-1.491914,0.564519,1.367777,1.109272,-0.436436,-0.339473,-0.636516,cluster4
-0.304935,1,-0.2405,0.717741,-0.958135,-0.986754,0.67028,0.564519,1.367777,-0.901493,-0.436436,-0.339473,1.571053,cluster3
0.943945,-1,-0.226262,-1.393261,-0.011049,-0.986754,0.67028,0.564519,1.367777,-0.901493,2.291288,-0.339473,-0.636516,cluster0
0.388887,1,1.20516,-1.393261,-0.011049,1.013423,0.67028,0.564519,-0.731113,-0.901493,-0.436436,-0.339473,1.571053,cluster3
0.458269,-1,0.207505,0.717741,-0.958135,1.013423,-1.491914,0.564519,1.367777,-0.901493,-0.436436,2.945746,-0.636516,cluster1
0.80518,-1,1.758288,0.717741,0.936036,-0.986754,0.67028,0.564519,1.367777,-0.901493,2.291288,-0.339473,-0.636516,cluster1
-0.096788,-1,-0.357517,0.717741,-0.958135,-0.986754,-1.491914,0.564519,-0.731113,-0.901493,-0.436436,2.945746,-0.636516,cluster1
-1.623196,1,-1.391241,-1.393261,-0.958135,-0.986754,0.67028,0.564519,-0.731113,-0.901493,2.291288,-0.339473,-0.636516,cluster0
0.666416,-1,0.522129,-1.393261,1.883121,1.013423,-1.491914,0.564519,-0.731113,1.109272,-0.436436,-0.339473,-0.636516,cluster2
0.666416,-1,-0.367122,0.717741,-0.011049,1.013423,0.67028,-1.771421,-0.731113,1.109272,-0.436436,-0.339473,-0.636516,cluster2
1.499002,-1,1.869602,-1.393261,0.936036,1.013423,0.67028,0.564519,-0.731113,-0.901493,-0.436436,-0.339473,1.571053,cluster3
0.943945,1,-0.590061,0.717741,1.883121,-0.986754,0.67028,0.564519,1.367777,-0.901493,-0.436436,-0.339473,1.571053,cluster3
0.943945,1,0.163016,0.717741,0.936036,-0.986754,-1.491914,0.564519,-0.731113,-0.901493,-0.436436,-0.339473,1.571053,cluster3
-1.623196,-1,-1.161872,0.717741,-0.958135,-0.986754,0.67028,0.564519,-0.731113,-0.901493,-0.436436,-0.339473,1.571053,cluster3
0.943945,-1,1.844658,0.717741,-0.011049,1.013423,0.67028,-1.771421,-0.731113,-0.901493,-0.436436,-0.339473,1.571053,cluster3
-1.068139,1,-0.788227,0.717741,0.936036,1.013423,0.67028,-1.771421,-0.731113,1.109272,-0.436436,-0.339473,-0.636516,cluster4
1.152091,-1,0.181777,-1.393261,-0.011049,1.013423,-1.491914,0.564519,-0.731113,1.109272,-0.436436,-0.339473,-0.636516,cluster2
0.943945,1,1.569293,0.717741,-0.958135,1.013423,0.67028,0.564519,1.367777,1.109272,-0.436436,-0.339473,-0.636516,cluster4
-1.484432,1,-1.260213,0.717741,-0.958135,-0.986754,0.67028,0.564519,1.367777,-0.901493,-0.436436,-0.339473,1.571053,cluster3
1.499002,1,0.508179,0.717741,1.883121,-0.986754,0.67028,-1.771421,1.367777,1.109272,-0.436436,-0.339473,-0.636516,cluster4
1.360238,1,1.501032,0.717741,-0.958135,-0.986754,0.67028,0.564519,-0.731113,1.109272,-0.436436,-0.339473,-0.636516,cluster2
0.111358,-1,0.848003,-1.393261,0.936036,-0.986754,0.67028,0.564519,-0.731113,1.109272,-0.436436,-0.339473,-0.636516,cluster2
-1.276285,-1,-1.533719,-1.393261,-0.958135,-0.986754,-1.491914,-1.771421,-0.731113,1.109272,-0.436436,-0.339473,-0.636516,cluster2
0.666416,-1,0.069035,0.717741,-0.958135,-0.986754,-1.491914,0.564519,-0.731113,1.109272,-0.436436,-0.339473,-0.636516,cluster2
1.707149,-1,1.526496,0.717741,0.936036,-0.986754,0.67028,0.564519,-0.731113,-0.901493,-0.436436,2.945746,-0.636516,cluster1
-0.096788,1,-0.516555,0.717741,-0.958135,1.013423,0.67028,0.564519,-0.731113,1.109272,-0.436436,-0.339473,-0.636516,cluster4
1.082709,-1,0.440716,-1.393261,-0.011049,-0.986754,-1.491914,-1.771421,1.367777,-0.901493,-0.436436,-0.339473,1.571053,cluster3
-0.16617,1,-0.209527,-1.393261,0.936036,-0.986754,-1.491914,0.564519,-0.731113,1.109272,-0.436436,-0.339473,-0.636516,cluster2
-1.623196,1,-0.739968,0.717741,-0.958135,-0.986754,-1.491914,0.564519,1.367777,-0.901493,-0.436436,2.945746,-0.636516,cluster1
-1.553814,-1,-1.366638,0.717741,1.883121,-0.986754,-1.491914,0.564519,-0.731113,1.109272,-0.436436,-0.339473,-0.636516,cluster2
0.943945,-1,-0.076131,-1.393261,-0.958135,1.013423,0.67028,0.564519,-0.731113,-0.901493,-0.436436,-0.339473,1.571053,cluster3
0.250123,-1,0.39255,0.717741,0.936036,1.013423,0.67028,0.564519,-0.731113,1.109272,-0.436436,-0.339473,-0.636516,cluster2
-0.859992,1,-1.002228,0.717741,-0.011049,-0.986754,-1.491914,0.564519,-0.731113,1.109272,-0.436436,-0.339473,-0.636516,cluster2
-0.16617,-1,0.567378,0.717741,-0.011049,1.013423,0.67028,0.564519,-0.731113,-0.901493,-0.436436,-0.339473,1.571053,cluster3
-0.443699,-1,-0.046803,0.717741,-0.958135,-0.986754,-1.491914,0.564519,-0.731113,-0.901493,-0.436436,-0.339473,1.571053,cluster3
1.013327,-1,0.832067,-1.393261,1.883121,1.013423,-1.491914,0.564519,1.367777,1.109272,-0.436436,-0.339473,-0.636516,cluster4
0.458269,1,-0.91824,-1.393261,-0.958135,-0.986754,-1.491914,0.564519,-0.731113,1.109272,-0.436436,-0.339473,-0.636516,cluster2
1.290856,1,0.204339,-1.393261,-0.011049,1.013423,-1.491914,-1.771421,-0.731113,1.109272,-0.436436,-0.339473,-0.636516,cluster4
-0.929374,1,-0.999466,-1.393261,-0.958135,1.013423,-1.491914,0.564519,-0.731113,1.109272,-0.436436,-0.339473,-0.636516,cluster4
0.388887,-1,-0.899293,0.717741,-0.958135,-0.986754,0.67028,-1.771421,-0.731113,1.109272,-0.436436,-0.339473,-0.636516,cluster2
0.943945,-1,1.300694,0.717741,-0.958135,-0.986754,0.67028,0.564519,-0.731113,1.109272,-0.436436,-0.339473,-0.636516,cluster2
-0.16617,1,-0.413302,-1.393261,-0.958135,1.013423,-1.491914,0.564519,-0.731113,-0.901493,-0.436436,-0.339473,1.571053,cluster3
1.082709,-1,0.832067,0.717741,1.883121,1.013423,0.67028,-1.771421,-0.731113,-0.901493,-0.436436,-0.339473,1.571053,cluster3
1.221473,-1,-0.424467,0.717741,0.936036,1.013423,0.67028,-1.771421,1.367777,1.109272,-0.436436,-0.339473,-0.636516,cluster4
1.082709,-1,-0.159483,-1.393261,-0.958135,1.013423,-1.491914,-1.771421,1.367777,-0.901493,-0.436436,2.945746,-0.636516,cluster0
1.707149,-1,-0.313308,0.717741,1.883121,1.013423,-1.491914,-1.771421,1.367777,-0.901493,-0.436436,-0.339473,1.571053,cluster3
-0.16617,1,-0.136199,0.717741,-0.958135,1.013423,0.67028,-1.771421,-0.731113,-0.901493,2.291288,-0.339473,-0.636516,cluster1
0.388887,1,0.516589,0.717741,0.936036,-0.986754,0.67028,0.564519,-0.731113,1.109272,-0.436436,-0.339473,-0.636516,cluster2
1.499002,-1,2.321447,-1.393261,-0.011049,-0.986754,0.67028,0.564519,-0.731113,1.109272,-0.436436,-0.339473,-0.636516,cluster2
0.041976,1,0.817441,0.717741,-0.958135,1.013423,0.67028,-1.771421,1.367777,-0.901493,-0.436436,-0.339473,1.571053,cluster3
-0.582463,-1,-0.624013,-1.393261,-0.958135,-0.986754,-1.491914,0.564519,1.367777,-0.901493,2.291288,-0.339473,-0.636516,cluster0
-1.137521,1,-0.617613,-1.393261,1.883121,1.013423,-1.491914,-1.771421,1.367777,-0.901493,2.291288,-0.339473,-0.636516,cluster0
0.388887,1,0.85923,0.717741,-0.958135,1.013423,-1.491914,0.564519,-0.731113,1.109272,-0.436436,-0.339473,-0.636516,cluster4
-0.513081,1,-0.525245,-1.393261,-0.958135,-0.986754,-1.491914,-1.771421,1.367777,1.109272,-0.436436,-0.339473,-0.636516,cluster4
-1.276285,-1,-1.059798,0.717741,1.883121,-0.986754,0.67028,0.564519,-0.731113,1.109272,-0.436436,-0.339473,-0.636516,cluster2
0.319505,1,0.704102,0.717741,1.883121,1.013423,0.67028,0.564519,-0.731113,-0.901493,-0.436436,2.945746,-0.636516,cluster1
0.666416,1,1.422335,-1.393261,-0.011049,-0.986754,0.67028,0.564519,-0.731113,-0.901493,-0.436436,2.945746,-0.636516,cluster0
-0.79061,1,-0.400485,-1.393261,-0.958135,-0.986754,0.67028,0.564519,-0.731113,-0.901493,-0.436436,2.945746,-0.636516,cluster0
-0.096788,-1,-0.429836,0.717741,-0.011049,1.013423,-1.491914,-1.771421,-0.731113,-0.901493,-0.436436,2.945746,-0.636516,cluster1
-1.345667,1,-1.27639,0.717741,0.936036,-0.986754,0.67028,-1.771421,-0.731113,-0.901493,-0.436436,2.945746,-0.636516,cluster1
-1.068139,-1,-0.726646,-1.393261,-0.011049,1.013423,-1.491914,0.564519,1.367777,1.109272,-0.436436,-0.339473,-0.636516,cluster4
-1.41505,1,-1.568801,-1.393261,-0.958135,1.013423,0.67028,0.564519,1.367777,1.109272,-0.436436,-0.339473,-0.636516,cluster4
1.707149,-1,2.371685,-1.393261,0.936036,1.013423,0.67028,0.564519,-0.731113,1.109272,-0.436436,-0.339473,-0.636516,cluster2
-1.137521,-1,-0.853881,0.717741,-0.958135,1.013423,-1.491914,0.564519,-0.731113,1.109272,-0.436436,-0.339473,-0.636516,cluster2
1.082709,-1,1.469306,0.717741,-0.958135,-0.986754,0.67028,0.564519,-0.731113,-0.901493,-0.436436,2.945746,-0.636516,cluster1
-1.068139,1,-0.579215,0.717741,-0.958135,-0.986754,0.67028,0.564519,1.367777,-0.901493,2.291288,-0.339473,-0.636516,cluster1
-0.443699,1,-1.163097,-1.393261,-0.011049,-0.986754,0.67028,-1.771421,1.367777,1.109272,-0.436436,-0.339473,-0.636516,cluster4
-0.79061,1,-0.362762,0.717741,-0.011049,1.013423,-1.491914,-1.771421,-0.731113,-0.901493,2.291288,-0.339473,-0.636516,cluster1
-0.998757,-1,-0.141568,0.717741,0.936036,1.013423,0.67028,-1.771421,-0.731113,-0.901493,-0.436436,-0.339473,1.571053,cluster3
1.013327,1,-0.458652,0.717741,-0.958135,-0.986754,0.67028,0.564519,1.367777,-0.901493,-0.436436,-0.339473,1.571053,cluster3
1.499002,1,1.662452,0.717741,-0.958135,1.013423,0.67028,0.564519,1.367777,1.109272,-0.436436,-0.339473,-0.636516,cluster4
0.458269,1,1.079547,-1.393261,-0.011049,-0.986754,0.67028,-1.771421,-0.731113,1.109272,-0.436436,-0.339473,-0.636516,cluster2
-1.41505,1,-1.250166,0.717741,-0.011049,1.013423,-1.491914,0.564519,-0.731113,1.109272,-0.436436,-0.339473,-0.636516,cluster4
1.082709,-1,1.273717,0.717741,-0.958135,1.013423,0.67028,0.564519,-0.731113,1.109272,-0.436436,-0.339473,-0.636516,cluster2
-1.553814,1,-0.797949,-1.393261,-0.011049,1.013423,-1.491914,0.564519,-0.731113,-0.901493,-0.436436,-0.339473,1.571053,cluster3
0.111358,-1,0.230021,0.717741,-0.958135,-0.986754,0.67028,0.564519,-0.731113,-0.901493,2.291288,-0.339473,-0.636516,cluster1
1.568384,-1,0.18173,0.717741,1.883121,-0.986754,0.67028,-1.771421,-0.731113,-0.901493,-0.436436,-0.339473,1.571053,cluster3
0.735798,-1,0.361585,0.717741,0.936036,1.013423,-1.491914,-1.771421,-0.731113,1.109272,-0.436436,-0.339473,-0.636516,cluster2
-0.582463,-1,-0.79258,0.717741,-0.011049,1.013423,-1.491914,0.564519,1.367777,1.109272,-0.436436,-0.339473,-0.636516,cluster4
-0.513081,1,0.026369,-1.393261,0.936036,-0.986754,0.67028,0.564519,1.367777,-0.901493,2.291288,-0.339473,-0.636516,cluster0
0.388887,1,0.108356,0.717741,-0.958135,-0.986754,0.67028,-1.771421,1.367777,-0.901493,-0.436436,-0.339473,1.571053,cluster3
1.499002,-1,2.393045,0.717741,-0.011049,1.013423,0.67028,0.564519,-0.731113,-0.901493,-0.436436,-0.339473,1.571053,cluster3
0.250123,1,-0.828223,-1.393261,-0.958135,1.013423,0.67028,0.564519,1.367777,-0.901493,-0.436436,-0.339473,1.571053,cluster3
-0.027406,-1,0.047675,0.717741,-0.958135,-0.986754,-1.491914,0.564519,1.367777,-0.901493,2.291288,-0.339473,-0.636516,cluster1
0.319505,1,-0.348043,0.717741,-0.958135,1.013423,0.67028,-1.771421,-0.731113,1.109272,-0.436436,-0.339473,-0.636516,cluster4
-1.345667,1,-1.22488,-1.393261,0.936036,1.013423,0.67028,0.564519,1.367777,-0.901493,-0.436436,-0.339473,1.571053,cluster3
-0.513081,1,-0.856915,0.717741,-0.958135,1.013423,-1.491914,-1.771421,1.367777,1.109272,-0.436436,-0.339473,-0.636516,cluster4
1.499002,-1,0.301944,-1.393261,-0.011049,1.013423,0.67028,-1.771421,1.367777,1.109272,-0.436436,-0.339473,-0.636516,cluster4
-1.692578,-1,-1.195366,0.717741,-0.011049,-0.986754,-1.491914,0.564519,-0.731113,-0.901493,-0.436436,2.945746,-0.636516,cluster1
-1.623196,1,-0.939344,0.717741,-0.011049,1.013423,-1.491914,0.564519,-0.731113,1.109272,-0.436436,-0.339473,-0.636516,cluster4
-0.16617,1,0.146684,0.717741,-0.011049,-0.986754,0.67028,-1.771421,1.367777,1.109272,-0.436436,-0.339473,-0.636516,cluster4
0.319505,1,1.331248,0.717741,-0.958135,1.013423,0.67028,0.564519,-0.731113,1.109272,-0.436436,-0.339473,-0.636516,cluster4
0.041976,-1,0.679429,0.717741,-0.958135,1.013423,0.67028,0.564519,-0.731113,-0.901493,2.291288,-0.339473,-0.636516,cluster1
-0.304935,1,0.448359,-1.393261,-0.958135,1.013423,-1.491914,0.564519,1.367777,-0.901493,-0.436436,-0.339473,1.571053,cluster3
-1.484432,-1,-0.90986,0.717741,-0.958135,-0.986754,0.67028,0.564519,-0.731113,-0.901493,2.291288,-0.339473,-0.636516,cluster1
-0.16617,1,0.336788,0.717741,-0.958135,1.013423,0.67028,0.564519,-0.731113,-0.901493,2.291288,-0.339473,-0.636516,cluster1
0.666416,-1,1.256562,0.717741,-0.958135,-0.986754,0.67028,0.564519,-0.731113,-0.901493,-0.436436,-0.339473,1.571053,cluster3
-0.513081,-1,0.254135,0.717741,0.936036,-0.986754,-1.491914,0.564519,-0.731113,-0.901493,-0.436436,-0.339473,1.571053,cluster3
0.735798,1,1.664058,0.717741,1.883121,1.013423,0.67028,-1.771421,-0.731113,-0.901493,2.291288,-0.339473,-0.636516,cluster1
-0.304935,-1,0.507217,-1.393261,-0.958135,1.013423,0.67028,0.564519,-0.731113,-0.901493,2.291288,-0.339473,-0.636516,cluster0
-0.027406,1,0.109753,0.717741,1.883121,1.013423,-1.491914,-1.771421,-0.731113,1.109272,-0.436436,-0.339473,-0.636516,cluster4
0.041976,1,0.854699,-1.393261,-0.958135,1.013423,0.67028,-1.771421,1.367777,-0.901493,-0.436436,-0.339473,1.571053,cluster3
1.152091,-1,-0.037159,-1.393261,-0.958135,-0.986754,-1.491914,0.564519,-0.731113,1.109272,-0.436436,-0.339473,-0.636516,cluster2
1.152091,-1,1.843494,-1.393261,-0.958135,1.013423,0.67028,0.564519,1.367777,-0.901493,2.291288,-0.339473,-0.636516,cluster0
-1.276285,1,-0.866792,-1.393261,-0.958135,-0.986754,0.67028,0.564519,1.367777,1.109272,-0.436436,-0.339473,-0.636516,cluster4
-1.068139,-1,-1.214833,0.717741,-0.958135,1.013423,0.67028,0.564519,-0.731113,1.109272,-0.436436,-0.339473,-0.636516,cluster2
-0.721228,-1,-1.106117,0.717741,-0.958135,1.013423,0.67028,0.564519,1.367777,-0.901493,-0.436436,-0.339473,1.571053,cluster3
1.568384,-1,2.640339,0.717741,-0.958135,-0.986754,0.67028,0.564519,-0.731113,1.109272,-0.436436,-0.339473,-0.636516,cluster2
-1.692578,1,-1.072553,-1.393261,-0.011049,-0.986754,0.67028,0.564519,-0.731113,-0.901493,-0.436436,2.945746,-0.636516,cluster0
1.637766,1,1.508286,0.717741,-0.011049,-0.986754,0.67028,0.564519,-0.731113,-0.901493,-0.436436,-0.339473,1.571053,cluster3
-0.096788,1,-0.314107,0.717741,-0.958135,1.013423,-1.491914,0.564519,1.367777,1.109272,-0.436436,-0.339473,-0.636516,cluster4
1.499002,-1,-0.230429,0.717741,-0.958135,1.013423,0.67028,-1.771421,1.367777,-0.901493,-0.436436,2.945746,-0.636516,cluster1
-1.345667,-1,-0.735064,0.717741,-0.958135,1.013423,-1.491914,0.564519,1.367777,1.109272,-0.436436,-0.339473,-0.636516,cluster4
-0.929374,-1,-0.953271,0.717741,0.936036,1.013423,-1.491914,0.564519,-0.731113,-0.901493,2.291288,-0.339473,-0.636516,cluster1
-0.998757,1,-0.540708,-1.393261,-0.958135,1.013423,0.67028,0.564519,-0.731113,-0.901493,-0.436436,-0.339473,1.571053,cluster3
1.013327,-1,0.069648,0.717741,0.936036,1.013423,0.67028,0.564519,1.367777,-0.901493,-0.436436,-0.339473,1.571053,cluster3
-0.304935,1,-0.438176,0.717741,-0.958135,-0.986754,-1.491914,0.564519,-0.731113,1.109272,-0.436436,-0.339473,-0.636516,cluster2
-0.582463,-1,-1.141606,-1.393261,1.883121,-0.986754,0.67028,0.564519,-0.731113,-0.901493,-0.436436,2.945746,-0.636516,cluster0
0.041976,1,-0.963217,0.717741,-0.958135,-0.986754,-1.491914,0.564519,-0.731113,-0.901493,-0.436436,2.945746,-0.636516,cluster1
1.42962,1,0.76739,-1.393261,1.883121,1.013423,0.67028,0.564519,-0.731113,-0.901493,-0.436436,-0.339473,1.571053,cluster3
1.360238,-1,1.086033,0.717741,-0.958135,-0.986754,0.67028,0.564519,1.367777,1.109272,-0.436436,-0.339473,-0.636516,cluster4
0.597034,-1,-0.166908,0.717741,-0.958135,1.013423,0.67028,0.564519,-0.731113,1.109272,-0.436436,-0.339473,-0.636516,cluster2
1.290856,1,-0.495335,0.717741,0.936036,1.013423,0.67028,-1.771421,-0.731113,1.109272,-0.436436,-0.339473,-0.636516,cluster4
-0.096788,-1,0.018122,-1.393261,-0.958135,-0.986754,0.67028,0.564519,-0.731113,-0.901493,-0.436436,-0.339473,1.571053,cluster3
-0.79061,-1,-0.375983,-1.393261,-0.011049,1.013423,0.67028,0.564519,1.367777,-0.901493,-0.436436,-0.339473,1.571053,cluster3
-0.651846,-1,-1.190618,0.717741,0.936036,-0.986754,0.67028,0.564519,1.367777,-0.901493,-0.436436,-0.339473,1.571053,cluster3
0.041976,1,-0.109967,-1.393261,-0.011049,-0.986754,-1.491914,0.564519,-0.731113,-0.901493,2.291288,-0.339473,-0.636516,cluster0
-0.16617,1,-0.008258,0.717741,-0.958135,-0.986754,0.67028,0.564519,1.367777,1.109272,-0.436436,-0.339473,-0.636516,cluster4
0.319505,1,-0.324845,0.717741,0.936036,-0.986754,0.67028,0.564519,1.367777,-0.901493,-0.436436,-0.339473,1.571053,cluster3
0.250123,1,1.231424,-1.393261,-0.011049,1.013423,0.67028,0.564519,-0.731113,-0.901493,-0.436436,-0.339473,1.571053,cluster3
-0.859992,1,-1.240452,0.717741,0.936036,-0.986754,-1.491914,0.564519,1.367777,-0.901493,2.291288,-0.339473,-0.636516,cluster1
0.319505,1,1.329424,-1.393261,0.936036,1.013423,0.67028,0.564519,-0.731113,1.109272,-0.436436,-0.339473,-0.636516,cluster4
0.111358,1,0.406438,-1.393261,-0.958135,-0.986754,0.67028,0.564519,1.367777,-0.901493,2.291288,-0.339473,-0.636516,cluster0
-1.345667,1,-0.862788,0.717741,-0.958135,1.013423,0.67028,-1.771421,-0.731113,-0.901493,2.291288,-0.339473,-0.636516,cluster1
-0.998757,-1,-0.491851,0.717741,-0.011049,1.013423,0.67028,0.564519,-0.731113,1.109272,-0.436436,-0.339473,-0.636516,cluster2
1.499002,-1,1.737432,0.717741,-0.958135,1.013423,0.67028,0.564519,1.367777,1.109272,-0.436436,-0.339473,-0.636516,cluster4
-0.513081,-1,-0.457783,0.717741,-0.958135,-0.986754,0.67028,-1.771421,1.367777,-0.901493,-0.436436,-0.339473,1.571053,cluster3
-1.623196,1,-0.845556,0.717741,-0.011049,-0.986754,-1.491914,0.564519,-0.731113,-0.901493,2.291288,-0.339473,-0.636516,cluster1
-1.068139,-1,-1.048167,0.717741,1.883121,-0.986754,0.67028,-1.771421,-0.731113,-0.901493,-0.436436,-0.339473,1.571053,cluster3
-1.068139,1,-0.552012,0.717741,0.936036,-0.986754,0.67028,-1.771421,-0.731113,1.109272,-0.436436,-0.339473,-0.636516,cluster2
1.082709,-1,0.321775,0.717741,-0.011049,1.013423,0.67028,-1.771421,1.367777,1.109272,-0.436436,-0.339473,-0.636516,cluster4
0.250123,-1,-0.804955,-1.393261,-0.011049,1.013423,0.67028,0.564519,-0.731113,-0.901493,-0.436436,-0.339473,1.571053,cluster3
1.290856,-1,0.018021,0.717741,-0.958135,1.013423,0.67028,-1.771421,1.367777,-0.901493,-0.436436,-0.339473,1.571053,cluster3
1.152091,1,1.041676,-1.393261,-0.958135,-0.986754,0.67028,0.564519,-0.731113,1.109272,-0.436436,-0.339473,-0.636516,cluster2
0.319505,-1,1.258401,0.717741,1.883121,-0.986754,0.67028,0.564519,-0.731113,-0.901493,2.291288,-0.339473,-0.636516,cluster1
0.111358,1,0.848484,0.717741,-0.958135,-0.986754,-1.491914,-1.771421,1.367777,1.109272,-0.436436,-0.339473,-0.636516,cluster4
0.527652,1,1.043461,-1.393261,0.936036,1.013423,0.67028,0.564519,1.367777,-0.901493,-0.436436,-0.339473,1.571053,cluster3
1.499002,1,1.479113,-1.393261,-0.958135,-0.986754,0.67028,0.564519,-0.731113,1.109272,-0.436436,-0.339473,-0.636516,cluster2
0.597034,-1,1.262777,-1.393261,-0.958135,-0.986754,0.67028,0.564519,1.367777,-0.901493,-0.436436,-0.339473,1.571053,cluster3
0.250123,-1,-0.668168,0.717741,-0.958135,1.013423,-1.491914,0.564519,-0.731113,-0.901493,-0.436436,-0.339473,1.571053,cluster3
-0.235553,-1,0.018758,0.717741,1.883121,1.013423,0.67028,-1.771421,-0.731113,1.109272,-0.436436,-0.339473,-0.636516,cluster2
1.082709,-1,0.425432,-1.393261,-0.011049,1.013423,-1.491914,0.564519,-0.731113,1.109272,-0.436436,-0.339473,-0.636516,cluster2
-0.721228,-1,-0.093006,0.717741,-0.958135,1.013423,-1.491914,-1.771421,-0.731113,-0.901493,-0.436436,-0.339473,1.571053,cluster3
-1.41505,-1,-0.947793,-1.393261,-0.958135,1.013423,0.67028,0.564519,1.367777,1.109272,-0.436436,-0.339473,-0.636516,cluster4
1.42962,-1,2.504638,0.717741,-0.011049,1.013423,0.67028,0.564519,-0.731113,1.109272,-0.436436,-0.339473,-0.636516,cluster2
-0.513081,-1,0.088005,0.717741,-0.958135,1.013423,0.67028,0.564519,-0.731113,-0.901493,-0.436436,-0.339473,1.571053,cluster3
1.152091,-1,-0.337429,0.717741,-0.958135,-0.986754,-1.491914,-1.771421,1.367777,1.109272,-0.436436,-0.339473,-0.636516,cluster4
-1.41505,-1,-1.235859,-1.393261,-0.958135,1.013423,0.67028,0.564519,-0.731113,-0.901493,-0.436436,2.945746,-0.636516,cluster0
1.221473,1,1.775652,-1.393261,0.936036,-0.986754,0.67028,0.564519,1.367777,-0.901493,-0.436436,2.945746,-0.636516,cluster0
-1.345667,-1,-1.26535,0.717741,0.936036,1.013423,0.67028,0.564519,-0.731113,-0.901493,2.291288,-0.339473,-0.636516,cluster1
-0.929374,-1,-1.101447,0.717741,-0.958135,-0.986754,0.67028,-1.771421,-0.731113,-0.901493,-0.436436,-0.339473,1.571053,cluster3
0.111358,1,-0.887228,0.717741,1.883121,-0.986754,0.67028,0.564519,-0.731113,1.109272,-0.436436,-0.339473,-0.636516,cluster2
1.42962,-1,1.273903,0.717741,-0.958135,1.013423,0.67028,0.564519,1.367777,-0.901493,-0.436436,-0.339473,1.571053,cluster3
-1.206903,-1,-1.010088,-1.393261,1.883121,-0.986754,0.67028,0.564519,-0.731113,-0.901493,2.291288,-0.339473,-0.636516,cluster0
-0.374317,1,0.493639,-1.393261,-0.958135,1.013423,0.67028,-1.771421,-0.731113,1.109272,-0.436436,-0.339473,-0.636516,cluster4
0.388887,-1,-0.842716,0.717741,-0.011049,-0.986754,0.67028,0.564519,-0.731113,1.109272,-0.436436,-0.339473,-0.636516,cluster2
-0.513081,-1,-0.563395,-1.393261,-0.958135,-0.986754,0.67028,-1.771421,-0.731113,-0.901493,-0.436436,-0.339473,1.571053,cluster3
0.597034,1,0.472613,0.717741,-0.011049,-0.986754,0.67028,-1.771421,1.367777,-0.901493,-0.436436,-0.339473,1.571053,cluster3
-1.068139,-1,-0.428044,-1.393261,1.883121,-0.986754,-1.491914,0.564519,-0.731113,-0.901493,-0.436436,-0.339473,1.571053,cluster3
0.943945,-1,0.11305,0.717741,1.883121,1.013423,0.67028,0.564519,1.367777,1.109272,-0.436436,-0.339473,-0.636516,cluster4
-0.304935,-1,-1.19175,0.717741,0.936036,1.013423,-1.491914,0.564519,-0.731113,1.109272,-0.436436,-0.339473,-0.636516,cluster2
-0.443699,-1,-0.797312,0.717741,0.936036,1.013423,0.67028,0.564519,-0.731113,-0.901493,-0.436436,-0.339473,1.571053,cluster3
-1.068139,1,-1.151428,-1.393261,1.883121,-0.986754,0.67028,0.564519,1.367777,-0.901493,-0.436436,2.945746,-0.636516,cluster0
-0.582463,-1,-0.87154,0.717741,-0.958135,1.013423,0.67028,-1.771421,1.367777,-0.901493,-0.436436,-0.339473,1.571053,cluster3
0.111358,1,-0.684066,0.717741,-0.958135,1.013423,0.67028,0.564519,1.367777,-0.901493,-0.436436,2.945746,-0.636516,cluster1
0.041976,-1,-0.635993,0.717741,-0.011049,-0.986754,-1.491914,0.564519,-0.731113,1.109272,-0.436436,-0.339473,-0.636516,cluster2
-0.721228,1,-1.009583,-1.393261,0.936036,-0.986754,0.67028,-1.771421,1.367777,1.109272,-0.436436,-0.339473,-0.636516,cluster4
-1.484432,-1,-1.307503,-1.393261,-0.011049,-0.986754,0.67028,0.564519,1.367777,-0.901493,-0.436436,-0.339473,1.571053,cluster3
-0.859992,-1,-0.131396,0.717741,0.936036,-0.986754,-1.491914,0.564519,-0.731113,1.109272,-0.436436,-0.339473,-0.636516,cluster2
0.874562,1,1.239493,0.717741,-0.011049,1.013423,0.67028,0.564519,-0.731113,-0.901493,2.291288,-0.339473,-0.636516,cluster1
1.499002,1,2.45572,0.717741,-0.011049,-0.986754,0.67028,0.564519,-0.731113,-0.901493,-0.436436,2.945746,-0.636516,cluster1
-0.443699,-1,0.009223,-1.393261,-0.011049,1.013423,-1.491914,-1.771421,-0.731113,1.109272,-0.436436,-0.339473,-0.636516,cluster2
1.152091,1,0.197341,-1.393261,-0.011049,-0.986754,0.67028,0.564519,-0.731113,1.109272,-0.436436,-0.339473,-0.636516,cluster2
1.221473,1,0.169945,0.717741,-0.958135,1.013423,-1.491914,0.564519,1.367777,1.109272,-0.436436,-0.339473,-0.636516,cluster4
-1.068139,-1,-1.053141,-1.393261,-0.011049,1.013423,0.67028,0.564519,1.367777,-0.901493,-0.436436,-0.339473,1.571053,cluster3
-0.929374,1,-1.354009,0.717741,-0.958135,-0.986754,-1.491914,0.564519,-0.731113,1.109272,-0.436436,-0.339473,-0.636516,cluster2
0.735798,-1,0.80121,-1.393261,-0.011049,-0.986754,0.67028,0.564519,-0.731113,1.109272,-0.436436,-0.339473,-0.636516,cluster2
1.290856,-1,2.300646,-1.393261,0.936036,-0.986754,0.67028,0.564519,-0.731113,-0.901493,2.291288,-0.339473,-0.636516,cluster0
0.041976,-1,0.87363,0.717741,-0.958135,-0.986754,0.67028,0.564519,-0.731113,1.109272,-0.436436,-0.339473,-0.636516,cluster2
-1.623196,1,-1.34476,0.717741,-0.958135,-0.986754,0.67028,0.564519,1.367777,1.109272,-0.436436,-0.339473,-0.636516,cluster4
0.388887,-1,-0.442452,0.717741,-0.011049,1.013423,0.67028,-1.771421,1.367777,1.109272,-0.436436,-0.339473,-0.636516,cluster4
-0.235553,1,0.765396,0.717741,0.936036,-0.986754,0.67028,0.564519,-0.731113,-0.901493,2.291288,-0.339473,-0.636516,cluster1
-0.721228,1,-1.000575,0.717741,0.936036,1.013423,0.67028,0.564519,-0.731113,1.109272,-0.436436,-0.339473,-0.636516,cluster4
1.42962,1,1.648455,0.717741,-0.011049,1.013423,0.67028,-1.771421,1.367777,-0.901493,-0.436436,2.945746,-0.636516,cluster1
0.250123,1,-0.498718,0.717741,-0.011049,1.013423,0.67028,0.564519,-0.731113,-0.901493,2.291288,-0.339473,-0.636516,cluster1
-0.16617,1,0.677559,-1.393261,-0.958135,-0.986754,-1.491914,0.564519,1.367777,1.109272,-0.436436,-0.339473,-0.636516,cluster4
-1.068139,-1,-0.949841,-1.393261,-0.958135,1.013423,-1.491914,-1.771421,1.367777,1.109272,-0.436436,-0.339473,-0.636516,cluster4
-1.41505,1,-1.412635,0.717741,0.936036,1.013423,0.67028,0.564519,-0.731113,-0.901493,-0.436436,2.945746,-0.636516,cluster1
-0.027406,1,-0.526649,0.717741,-0.011049,1.013423,0.67028,0.564519,-0.731113,-0.901493,2.291288,-0.339473,-0.636516,cluster1
1.082709,-1,1.950425,0.717741,-0.011049,1.013423,0.67028,0.564519,1.367777,-0.901493,-0.436436,-0.339473,1.571053,cluster3
-1.345667,-1,-1.51325,0.717741,-0.011049,1.013423,-1.491914,0.564519,-0.731113,1.109272,-0.436436,-0.339473,-0.636516,cluster2
1.082709,1,0.366318,0.717741,1.883121,-0.986754,-1.491914,-1.771421,-0.731113,-0.901493,-0.436436,2.945746,-0.636516,cluster1
0.180741,1,1.053881,0.717741,0.936036,1.013423,0.67028,0.564519,-0.731113,1.109272,-0.436436,-0.339473,-0.636516,cluster4
0.458269,-1,0.918188,0.717741,-0.958135,1.013423,-1.491914,-1.771421,1.367777,-0.901493,-0.436436,2.945746,-0.636516,cluster1
1.707149,-1,0.665068,0.717741,1.883121,1.013423,0.67028,0.564519,-0.731113,1.109272,-0.436436,-0.339473,-0.636516,cluster2
-1.553814,-1,-1.536236,0.717741,0.936036,1.013423,0.67028,0.564519,-0.731113,-0.901493,-0.436436,-0.339473,1.571053,cluster3
0.041976,-1,-0.695045,0.717741,-0.011049,1.013423,0.67028,0.564519,1.367777,-0.901493,2.291288,-0.339473,-0.636516,cluster1
-0.096788,1,-0.185521,0.717741,-0.958135,-0.986754,-1.491914,0.564519,-0.731113,-0.901493,2.291288,-0.339473,-0.636516,cluster1
-0.304935,-1,0.292238,0.717741,-0.958135,-0.986754,0.67028,0.564519,-0.731113,-0.901493,-0.436436,2.945746,-0.636516,cluster1
1.707149,-1,-0.206819,0.717741,-0.958135,-0.986754,-1.491914,0.564519,1.367777,-0.901493,-0.436436,2.945746,-0.636516,cluster1
-0.16617,1,-0.863176,-1.393261,-0.011049,-0.986754,0.67028,0.564519,-0.731113,1.109272,-0.436436,-0.339473,-0.636516,cluster2
-1.206903,-1,-0.32867,-1.393261,-0.958135,-0.986754,-1.491914,0.564519,1.367777,-0.901493,-0.436436,2.945746,-0.636516,cluster0
1.013327,-1,1.813491,0.717741,-0.958135,-0.986754,0.67028,0.564519,-0.731113,-0.901493,2.291288,-0.339473,-0.636516,cluster1
-0.721228,-1,-0.393952,-1.393261,-0.011049,-0.986754,-1.491914,0.564519,1.367777,1.109272,-0.436436,-0.339473,-0.636516,cluster4
0.111358,1,-0.343861,0.717741,-0.958135,1.013423,-1.491914,0.564519,1.367777,-0.901493,-0.436436,2.945746,-0.636516,cluster1
-0.859992,1,-0.206105,0.717741,-0.958135,1.013423,0.67028,-1.771421,-0.731113,-0.901493,-0.436436,-0.339473,1.571053,cluster3
0.041976,1,-0.410385,0.717741,-0.958135,-0.986754,-1.491914,0.564519,1.367777,-0.901493,-0.436436,-0.339473,1.571053,cluster3
-1.623196,-1,-0.787738,0.717741,0.936036,1.013423,0.67028,0.564519,-0.731113,1.109272,-0.436436,-0.339473,-0.636516,cluster2
-0.374317,-1,0.159051,0.717741,-0.958135,1.013423,0.67028,0.564519,-0.731113,-0.901493,-0.436436,-0.339473,1.571053,cluster3
0.458269,1,-0.743273,-1.393261,-0.011049,1.013423,0.67028,0.564519,1.367777,1.109272,-0.436436,-0.339473,-0.636516,cluster4
0.458269,-1,0.4765,-1.393261,1.883121,1.013423,-1.491914,0.564519,-0.731113,-0.901493,2.291288,-0.339473,-0.636516,cluster0
-0.16617,1,0.670522,0.717741,-0.958135,-0.986754,-1.491914,-1.771421,-0.731113,1.109272,-0.436436,-0.339473,-0.636516,cluster2
-0.651846,-1,0.014654,-1.393261,0.936036,-0.986754,0.67028,0.564519,-0.731113,-0.901493,-0.436436,2.945746,-0.636516,cluster0
-0.235553,1,-0.397505,0.717741,0.936036,1.013423,0.67028,0.564519,-0.731113,-0.901493,-0.436436,-0.339473,1.571053,cluster3
0.041976,-1,0.073387,0.717741,-0.958135,1.013423,0.67028,0.564519,-0.731113,1.109272,-0.436436,-0.339473,-0.636516,cluster2
-0.374317,1,0.229966,0.717741,-0.958135,-0.986754,0.67028,0.564519,1.367777,-0.901493,-0.436436,-0.339473,1.571053,cluster3
-1.276285,-1,-0.648919,0.717741,-0.011049,1.013423,0.67028,0.564519,-0.731113,-0.901493,-0.436436,-0.339473,1.571053,cluster3
1.360238,1,1.382486,0.717741,-0.958135,1.013423,0.67028,-1.771421,-0.731113,-0.901493,-0.436436,-0.339473,1.571053,cluster3
-1.692578,1,-1.647164,-1.393261,-0.958135,-0.986754,0.67028,0.564519,1.367777,1.109272,-0.436436,-0.339473,-0.636516,cluster4
0.319505,-1,-0.185925,0.717741,-0.958135,1.013423,-1.491914,-1.771421,-0.731113,-0.901493,-0.436436,-0.339473,1.571053,cluster3
1.42962,1,1.889659,0.717741,0.936036,1.013423,0.67028,-1.771421,1.367777,-0.901493,-0.436436,2.945746,-0.636516,cluster1
-1.553814,1,-1.154431,0.717741,0.936036,1.013423,-1.491914,0.564519,1.367777,-0.901493,-0.436436,-0.339473,1.571053,cluster3
0.250123,-1,-0.429805,-1.393261,1.883121,-0.986754,0.67028,-1.771421,-0.731113,-0.901493,-0.436436,-0.339473,1.571053,cluster3
0.319505,-1,0.12174,-1.393261,0.936036,1.013423,0.67028,0.564519,-0.731113,-0.901493,2.291288,-0.339473,-0.636516,cluster0
-0.651846,1,-0.31001,0.717741,-0.011049,-0.986754,0.67028,0.564519,1.367777,-0.901493,-0.436436,-0.339473,1.571053,cluster3
-1.553814,1,-1.397123,-1.393261,1.883121,1.013423,0.67028,0.564519,-0.731113,-0.901493,-0.436436,-0.339473,1.571053,cluster3
-1.553814,1,-0.710632,0.717741,-0.011049,-0.986754,-1.491914,0.564519,-0.731113,1.109272,-0.436436,-0.339473,-0.636516,cluster2
0.041976,-1,0.290934,-1.393261,-0.011049,1.013423,0.67028,-1.771421,-0.731113,-0.901493,-0.436436,-0.339473,1.571053,cluster3
1.082709,1,1.718524,0.717741,-0.958135,-0.986754,0.67028,0.564519,-0.731113,-0.901493,2.291288,-0.339473,-0.636516,cluster1
-0.929374,1,-1.156099,0.717741,-0.011049,1.013423,0.67028,0.564519,-0.731113,-0.901493,-0.436436,2.945746,-0.636516,cluster1
-1.206903,1,-0.287494,0.717741,-0.958135,-0.986754,-1.491914,-1.771421,-0.731113,1.109272,-0.436436,-0.339473,-0.636516,cluster2
-0.16617,-1,0.306459,-1.393261,0.936036,-0.986754,0.67028,0.564519,1.367777,1.109272,-0.436436,-0.339473,-0.636516,cluster4
0.388887,1,-0.562976,0.717741,-0.958135,-0.986754,0.67028,0.564519,-0.731113,-0.901493,-0.436436,-0.339473,1.571053,cluster3
1.568384,1,1.85379,0.717741,0.936036,-0.986754,0.67028,0.564519,-0.731113,-0.901493,-0.436436,2.945746,-0.636516,cluster1
1.152091,-1,0.267503,0.717741,1.883121,1.013423,0.67028,0.564519,1.367777,-0.901493,2.291288,-0.339473,-0.636516,cluster1
1.290856,-1,1.513027,-1.393261,0.936036,1.013423,0.67028,0.564519,1.367777,1.109272,-0.436436,-0.339473,-0.636516,cluster4
-0.859992,-1,-1.385071,0.717741,-0.958135,1.013423,0.67028,0.564519,-0.731113,1.109272,-0.436436,-0.339473,-0.636516,cluster2
-0.79061,-1,-0.895957,0.717741,-0.958135,1.013423,0.67028,-1.771421,-0.731113,-0.901493,-0.436436,-0.339473,1.571053,cluster3
-0.929374,1,-0.994066,0.717741,-0.958135,-0.986754,0.67028,-1.771421,1.367777,1.109272,-0.436436,-0.339473,-0.636516,cluster4
-0.304935,1,-0.066138,-1.393261,-0.958135,1.013423,-1.491914,0.564519,1.367777,-0.901493,-0.436436,-0.339473,1.571053,cluster3
